Id_actividad,Descripcion_actividad,Id_proceso,id_proceso
1,Cambio de la cuchara del Scoop,657,1
2,TRASLADO DE TABLERO CELDA O MINI BRECK,485,1
3,materiales y equipos,300,1
4,Sistema Electrico de Equipos trackless (Preventivo y Correctivo),72,1
5,Cambio de rodamiento,505,1
6,materiales y equipos,589,1
7,Cambio de arrancador,169,1
8,Cambio de boca masa,955,1
9,DESENERGIZACIoN Y ENERGIZACIoN DE PORTA FUSIBLES CUT OUT,690,1
10,MANTENIMIENTO DE ZARANDAS (Zaranda GRIZZLY TYLER 5' X 12'  ZISETEC 6' X 12'),71,1
11,MANTENIMIENTO DE ZARANDAS (Zaranda GRIZZLY TYLER 5' X 12'  ZISETEC 6' X 12'),20,1
12,MANTENIMIENTO DE ZARANDAS (Zaranda GRIZZLY TYLER 5' X 12'  ZISETEC 6' X 12'),475,1
13,Cambio de MANTLE (forros),334,1
14,MANTENIMIENTO DE ZARANDAS (Zaranda GRIZZLY TYLER 5' X 12'  ZISETEC 6' X 12'),450,1
15,DESENERGIZACIoN Y ENERGIZACIoN DE CELDAS Y MINI BRECK,863,1
16,Cambio de colector electrico,880,1
17,Cambio de alternador,371,1
18,MANTENIMIENTO DE ZARANDAS (Zaranda GRIZZLY TYLER 5' X 12'  ZISETEC 6' X 12'),12,1
19,Cambio de colector electrico,783,1
20,Sistema Electrico de Equipos trackless (Preventivo y Correctivo),47,1
21,Cambio de arrancador,517,1
22,Cambio de MANTLE (forros),506,1
23,Cambio de labio de cuchara del Scoop,397,1
24,Cambio de MANTLE (forros),950,1
25,DESENERGIZACIoN Y ENERGIZACIoN DE CELDAS Y MINI BRECK,236,1
26,Sistema Electrico de Equipos trackless (Preventivo y Correctivo),635,1
27,Reparacion o cambio de brazos telescopicos y vigas,382,1
28,Cambio de la cuchara del Scoop,516,1
29,MANTENIMIENTO DE ZARANDAS (Zaranda GRIZZLY TYLER 5' X 12'  ZISETEC 6' X 12'),158,1
30,Cambio de colector electrico,912,1
31,INSTALACIoN Y CONEXIoN DE CELDAS Y MINI BRECK,306,1
32,Suministro y traslado de herramientas,294,1
33,Cambio de rodamiento,802,1
34,Cambio de arrancador,394,1
35,Cambio de colector electrico,108,1
36,TRASLADO DE TABLERO CELDA O MINI BRECK,84,2
37,Cambio de rodamiento,262,2
38,Estructura de Equipos Trackless,864,2
39,Cambio de boca masa,822,2
40,INSTALACIoN Y CONEXIoN DE CELDAS Y MINI BRECK,901,2
41,MANTENIMIENTO DE ZARANDAS (Zaranda GRIZZLY TYLER 5' X 12'  ZISETEC 6' X 12'),740,2
42,Cambio de alternador,368,2
43,Cambio de boca masa,915,2
44,TRASLADO DE TABLERO CELDA O MINI BRECK,765,2
45,Cambio de arrancador,256,2
46,TRASLADO DE TABLERO CELDA O MINI BRECK,594,2
47,Cambio de boca masa,789,2
48,Cambio de alternador,772,2
49,Cambio de rodamiento,837,2
50,Cambio de rodamiento,10,2
51,Suministro y traslado de herramientas,542,2
52,Sistema Electrico de Equipos trackless (Preventivo y Correctivo),720,2
53,DESENERGIZACIoN Y ENERGIZACIoN DE CELDAS Y MINI BRECK,283,2
54,Sistema Electrico de Equipos trackless (Preventivo y Correctivo),331,2
55,MANTENIMIENTO DE ZARANDAS (Zaranda GRIZZLY TYLER 5' X 12'  ZISETEC 6' X 12'),994,2
56,DESENERGIZACIoN Y ENERGIZACIoN DE PORTA FUSIBLES CUT OUT,809,2
57,DESENERGIZACIoN Y ENERGIZACIoN DE PORTA FUSIBLES CUT OUT,495,2
58,Cambio de boca masa,533,2
59,DESENERGIZACIoN Y ENERGIZACIoN DE CELDAS Y MINI BRECK,137,2
60,DESENERGIZACIoN Y ENERGIZACIoN DE CELDAS Y MINI BRECK,780,2
61,MANTENIMIENTO DE ZARANDAS (Zaranda GRIZZLY TYLER 5' X 12'  ZISETEC 6' X 12'),31,2
62,Cambio de la cuchara del Scoop,633,2
63,DESENERGIZACIoN Y ENERGIZACIoN DE TABLEROS ELeCTRICOS,200,2
64,Cambio de arrancador,361,2
65,Cambio de boca masa,376,2
66,INSTALACIoN Y CONEXIoN DE CELDAS Y MINI BRECK,6,2
67,materiales y equipos,77,2
68,DESENERGIZACIoN Y ENERGIZACIoN DE PORTA FUSIBLES CUT OUT,319,2
69,Cambio de la cuchara del Scoop,352,2
70,TRASLADO DE TABLERO CELDA O MINI BRECK,564,2
71,Sistema Electrico de Equipos trackless (Preventivo y Correctivo),114,2
72,materiales y equipos,255,2
73,Cambio de la cuchara del Scoop,790,2
74,Cambio de rodamiento,329,3
75,Suministro y traslado de herramientas,573,3
76,Cambio de la cuchara del Scoop,382,3
77,DESENERGIZACIoN Y ENERGIZACIoN DE TABLEROS ELeCTRICOS,202,3
78,DESENERGIZACIoN Y ENERGIZACIoN DE PORTA FUSIBLES CUT OUT,430,3
79,Cambio de colector electrico,518,3
80,Suministro y traslado de herramientas,974,3
81,MANTENIMIENTO DE ZARANDAS (Zaranda GRIZZLY TYLER 5' X 12'  ZISETEC 6' X 12'),630,3
82,Cambio de alternador,121,3
83,Cambio de arrancador,502,3
84,DESENERGIZACIoN Y ENERGIZACIoN DE TABLEROS ELeCTRICOS,267,3
85,DESENERGIZACIoN Y ENERGIZACIoN DE PORTA FUSIBLES CUT OUT,982,3
86,Cambio de colector electrico,903,3
87,INSTALACIoN Y CONEXIoN DE CELDAS Y MINI BRECK,784,3
88,Reparacion o cambio de brazos telescopicos y vigas,106,3
89,Estructura de Equipos Trackless,406,3
90,DESENERGIZACIoN Y ENERGIZACIoN DE CELDAS Y MINI BRECK,685,3
91,Suministro y traslado de herramientas,596,3
92,materiales y equipos,69,3
93,TRASLADO DE TABLERO CELDA O MINI BRECK,656,3
94,DESENERGIZACIoN Y ENERGIZACIoN DE CELDAS Y MINI BRECK,446,3
95,Cambio de la cuchara del Scoop,36,3
96,Cambio de arrancador,766,3
97,Cambio de boca masa,845,3
98,Cambio de colector electrico,262,3
99,Cambio de arrancador,64,3
100,SUMINISTRO DE ENERGiA ELeCTRICA-INSTALACIoN MANTENIMIENTO DE TABLEROS ELeCTRICOS,680,3
101,Suministro y traslado de herramientas,176,3
102,Sistema Electrico de Equipos trackless (Preventivo y Correctivo),187,3
103,Cambio de la cuchara del Scoop,35,3
104,materiales y equipos,797,3
105,materiales y equipos,703,3
106,DESENERGIZACIoN Y ENERGIZACIoN DE PORTA FUSIBLES CUT OUT,392,3
107,SUMINISTRO DE ENERGiA ELeCTRICA-INSTALACIoN MANTENIMIENTO DE TABLEROS ELeCTRICOS,123,3
108,materiales y equipos,861,3
109,Cambio de boca masa,979,3
110,Reparacion o cambio de brazos telescopicos y vigas,95,3
111,Cambio de MANTLE (forros),709,3
112,DESENERGIZACIoN Y ENERGIZACIoN DE CELDAS Y MINI BRECK,89,3
113,SUMINISTRO DE ENERGiA ELeCTRICA-INSTALACIoN MANTENIMIENTO DE TABLEROS ELeCTRICOS,760,3
114,Reparacion o cambio de brazos telescopicos y vigas,801,4
115,DESENERGIZACIoN Y ENERGIZACIoN DE CELDAS Y MINI BRECK,658,4
116,TRASLADO DE TABLERO CELDA O MINI BRECK,196,4
117,DESENERGIZACIoN Y ENERGIZACIoN DE TABLEROS ELeCTRICOS,126,4
118,Cambio de boca masa,437,4
119,DESENERGIZACIoN Y ENERGIZACIoN DE PORTA FUSIBLES CUT OUT,25,4
120,DESENERGIZACIoN Y ENERGIZACIoN DE CELDAS Y MINI BRECK,652,4
121,Cambio de boca masa,692,4
122,Cambio de labio de cuchara del Scoop,228,4
123,Estructura de Equipos Trackless,355,4
124,Estructura de Equipos Trackless,600,4
125,Cambio de alternador,92,4
126,INSTALACIoN Y CONEXIoN DE CELDAS Y MINI BRECK,584,4
127,Cambio de alternador,512,4
128,DESENERGIZACIoN Y ENERGIZACIoN DE TABLEROS ELeCTRICOS,587,4
129,Cambio de MANTLE (forros),473,4
130,Sistema Electrico de Equipos trackless (Preventivo y Correctivo),326,4
131,Cambio de la cuchara del Scoop,621,4
132,Cambio de rodamiento,822,4
133,Cambio de la cuchara del Scoop,282,4
134,Sistema Electrico de Equipos trackless (Preventivo y Correctivo),795,4
135,DESENERGIZACIoN Y ENERGIZACIoN DE TABLEROS ELeCTRICOS,440,5
136,DESENERGIZACIoN Y ENERGIZACIoN DE CELDAS Y MINI BRECK,679,5
137,Cambio de labio de cuchara del Scoop,965,5
138,SUMINISTRO DE ENERGiA ELeCTRICA-INSTALACIoN MANTENIMIENTO DE TABLEROS ELeCTRICOS,664,5
139,Cambio de alternador,929,5
140,DESENERGIZACIoN Y ENERGIZACIoN DE CELDAS Y MINI BRECK,915,5
141,Cambio de la cuchara del Scoop,385,5
142,MANTENIMIENTO DE ZARANDAS (Zaranda GRIZZLY TYLER 5' X 12'  ZISETEC 6' X 12'),964,5
143,Estructura de Equipos Trackless,208,5
144,Estructura de Equipos Trackless,277,5
145,DESENERGIZACIoN Y ENERGIZACIoN DE PORTA FUSIBLES CUT OUT,349,5
146,Cambio de rodamiento,567,5
147,materiales y equipos,175,5
148,INSTALACIoN Y CONEXIoN DE CELDAS Y MINI BRECK,707,5
149,MANTENIMIENTO DE ZARANDAS (Zaranda GRIZZLY TYLER 5' X 12'  ZISETEC 6' X 12'),318,5
150,MANTENIMIENTO DE ZARANDAS (Zaranda GRIZZLY TYLER 5' X 12'  ZISETEC 6' X 12'),863,5
151,DESENERGIZACIoN Y ENERGIZACIoN DE PORTA FUSIBLES CUT OUT,304,5
152,MANTENIMIENTO DE ZARANDAS (Zaranda GRIZZLY TYLER 5' X 12'  ZISETEC 6' X 12'),226,5
153,DESENERGIZACIoN Y ENERGIZACIoN DE PORTA FUSIBLES CUT OUT,35,5
154,Cambio de alternador,24,5
155,INSTALACIoN Y CONEXIoN DE CELDAS Y MINI BRECK,908,5
156,DESENERGIZACIoN Y ENERGIZACIoN DE CELDAS Y MINI BRECK,466,5
157,MANTENIMIENTO DE ZARANDAS (Zaranda GRIZZLY TYLER 5' X 12'  ZISETEC 6' X 12'),990,5
158,materiales y equipos,780,5
159,Cambio de labio de cuchara del Scoop,210,5
160,Cambio de colector electrico,451,5
161,DESENERGIZACIoN Y ENERGIZACIoN DE CELDAS Y MINI BRECK,245,5
162,Cambio de alternador,584,5
163,Cambio de labio de cuchara del Scoop,870,5
164,Reparacion o cambio de brazos telescopicos y vigas,310,6
165,Cambio de rodamiento,53,6
166,Cambio de arrancador,480,6
167,SUMINISTRO DE ENERGiA ELeCTRICA-INSTALACIoN MANTENIMIENTO DE TABLEROS ELeCTRICOS,227,6
168,Cambio de arrancador,471,6
169,Cambio de la cuchara del Scoop,537,6
170,Reparacion o cambio de brazos telescopicos y vigas,461,6
171,DESENERGIZACIoN Y ENERGIZACIoN DE CELDAS Y MINI BRECK,437,6
172,Cambio de alternador,972,6
173,INSTALACIoN Y CONEXIoN DE CELDAS Y MINI BRECK,60,6
174,Cambio de arrancador,344,6
175,Cambio de boca masa,516,6
176,Cambio de MANTLE (forros),714,6
177,Cambio de labio de cuchara del Scoop,370,6
178,Cambio de alternador,853,6
179,Estructura de Equipos Trackless,757,6
180,TRASLADO DE TABLERO CELDA O MINI BRECK,970,6
181,Cambio de alternador,44,6
182,Sistema Electrico de Equipos trackless (Preventivo y Correctivo),967,6
183,INSTALACIoN Y CONEXIoN DE CELDAS Y MINI BRECK,462,6
184,Sistema Electrico de Equipos trackless (Preventivo y Correctivo),182,6
185,Cambio de colector electrico,41,6
186,materiales y equipos,892,6
187,Cambio de rodamiento,217,6
188,Cambio de labio de cuchara del Scoop,811,6
189,Cambio de rodamiento,803,6
190,MANTENIMIENTO DE ZARANDAS (Zaranda GRIZZLY TYLER 5' X 12'  ZISETEC 6' X 12'),446,6
191,Cambio de la cuchara del Scoop,494,6
192,INSTALACIoN Y CONEXIoN DE CELDAS Y MINI BRECK,283,6
193,materiales y equipos,171,6
194,DESENERGIZACIoN Y ENERGIZACIoN DE TABLEROS ELeCTRICOS,495,6
195,MANTENIMIENTO DE ZARANDAS (Zaranda GRIZZLY TYLER 5' X 12'  ZISETEC 6' X 12'),727,6
196,Cambio de colector electrico,923,6
197,Reparacion o cambio de brazos telescopicos y vigas,472,6
198,Estructura de Equipos Trackless,668,6
199,MANTENIMIENTO DE ZARANDAS (Zaranda GRIZZLY TYLER 5' X 12'  ZISETEC 6' X 12'),467,6
200,Sistema Electrico de Equipos trackless (Preventivo y Correctivo),694,6
201,Cambio de colector electrico,655,6
202,DESENERGIZACIoN Y ENERGIZACIoN DE PORTA FUSIBLES CUT OUT,360,7
203,Sistema Electrico de Equipos trackless (Preventivo y Correctivo),246,7
204,Cambio de la cuchara del Scoop,213,7
205,Cambio de MANTLE (forros),397,7
206,Cambio de boca masa,311,7
207,DESENERGIZACIoN Y ENERGIZACIoN DE CELDAS Y MINI BRECK,492,7
208,materiales y equipos,88,7
209,Cambio de MANTLE (forros),691,7
210,DESENERGIZACIoN Y ENERGIZACIoN DE PORTA FUSIBLES CUT OUT,271,7
211,MANTENIMIENTO DE ZARANDAS (Zaranda GRIZZLY TYLER 5' X 12'  ZISETEC 6' X 12'),985,7
212,MANTENIMIENTO DE ZARANDAS (Zaranda GRIZZLY TYLER 5' X 12'  ZISETEC 6' X 12'),484,7
213,Cambio de arrancador,113,7
214,Cambio de MANTLE (forros),837,7
215,Cambio de labio de cuchara del Scoop,504,7
216,INSTALACIoN Y CONEXIoN DE CELDAS Y MINI BRECK,53,7
217,Cambio de arrancador,783,7
218,Cambio de arrancador,173,7
219,Suministro y traslado de herramientas,216,7
220,Cambio de la cuchara del Scoop,697,7
221,INSTALACIoN Y CONEXIoN DE CELDAS Y MINI BRECK,300,7
222,materiales y equipos,963,7
223,DESENERGIZACIoN Y ENERGIZACIoN DE PORTA FUSIBLES CUT OUT,875,7
224,DESENERGIZACIoN Y ENERGIZACIoN DE PORTA FUSIBLES CUT OUT,405,7
225,Estructura de Equipos Trackless,51,7
226,materiales y equipos,701,7
227,TRASLADO DE TABLERO CELDA O MINI BRECK,189,7
228,Cambio de alternador,4,7
229,DESENERGIZACIoN Y ENERGIZACIoN DE TABLEROS ELeCTRICOS,386,7
230,INSTALACIoN Y CONEXIoN DE CELDAS Y MINI BRECK,368,7
231,Cambio de labio de cuchara del Scoop,203,7
232,SUMINISTRO DE ENERGiA ELeCTRICA-INSTALACIoN MANTENIMIENTO DE TABLEROS ELeCTRICOS,84,7
233,INSTALACIoN Y CONEXIoN DE CELDAS Y MINI BRECK,589,7
234,Sistema Electrico de Equipos trackless (Preventivo y Correctivo),319,7
235,Suministro y traslado de herramientas,187,7
236,MANTENIMIENTO DE ZARANDAS (Zaranda GRIZZLY TYLER 5' X 12'  ZISETEC 6' X 12'),644,7
237,Cambio de alternador,394,7
238,DESENERGIZACIoN Y ENERGIZACIoN DE CELDAS Y MINI BRECK,98,7
239,materiales y equipos,884,7
240,Cambio de boca masa,477,7
241,MANTENIMIENTO DE ZARANDAS (Zaranda GRIZZLY TYLER 5' X 12'  ZISETEC 6' X 12'),826,7
242,DESENERGIZACIoN Y ENERGIZACIoN DE TABLEROS ELeCTRICOS,767,8
243,Reparacion o cambio de brazos telescopicos y vigas,381,8
244,Cambio de MANTLE (forros),812,8
245,Sistema Electrico de Equipos trackless (Preventivo y Correctivo),611,8
246,Cambio de colector electrico,674,8
247,Cambio de MANTLE (forros),42,8
248,Estructura de Equipos Trackless,552,8
249,Estructura de Equipos Trackless,620,8
250,DESENERGIZACIoN Y ENERGIZACIoN DE PORTA FUSIBLES CUT OUT,368,8
251,Cambio de rodamiento,366,8
252,DESENERGIZACIoN Y ENERGIZACIoN DE PORTA FUSIBLES CUT OUT,347,8
253,Estructura de Equipos Trackless,655,8
254,DESENERGIZACIoN Y ENERGIZACIoN DE PORTA FUSIBLES CUT OUT,766,8
255,MANTENIMIENTO DE ZARANDAS (Zaranda GRIZZLY TYLER 5' X 12'  ZISETEC 6' X 12'),23,8
256,Cambio de MANTLE (forros),631,8
257,DESENERGIZACIoN Y ENERGIZACIoN DE PORTA FUSIBLES CUT OUT,450,8
258,Cambio de alternador,684,8
259,DESENERGIZACIoN Y ENERGIZACIoN DE PORTA FUSIBLES CUT OUT,185,8
260,Cambio de rodamiento,919,9
261,Cambio de MANTLE (forros),893,9
262,TRASLADO DE TABLERO CELDA O MINI BRECK,222,9
263,Cambio de colector electrico,548,9
264,Cambio de la cuchara del Scoop,800,9
265,Cambio de colector electrico,947,9
266,TRASLADO DE TABLERO CELDA O MINI BRECK,627,9
267,Cambio de colector electrico,65,9
268,Cambio de la cuchara del Scoop,970,9
269,Cambio de MANTLE (forros),748,9
270,Cambio de MANTLE (forros),712,9
271,Cambio de boca masa,852,9
272,DESENERGIZACIoN Y ENERGIZACIoN DE TABLEROS ELeCTRICOS,615,9
273,Cambio de MANTLE (forros),790,9
274,TRASLADO DE TABLERO CELDA O MINI BRECK,257,9
275,MANTENIMIENTO DE ZARANDAS (Zaranda GRIZZLY TYLER 5' X 12'  ZISETEC 6' X 12'),69,9
276,DESENERGIZACIoN Y ENERGIZACIoN DE PORTA FUSIBLES CUT OUT,709,9
277,DESENERGIZACIoN Y ENERGIZACIoN DE PORTA FUSIBLES CUT OUT,149,9
278,Cambio de labio de cuchara del Scoop,747,9
279,SUMINISTRO DE ENERGiA ELeCTRICA-INSTALACIoN MANTENIMIENTO DE TABLEROS ELeCTRICOS,545,9
280,Estructura de Equipos Trackless,434,9
281,Cambio de MANTLE (forros),999,9
282,Cambio de la cuchara del Scoop,142,9
283,SUMINISTRO DE ENERGiA ELeCTRICA-INSTALACIoN MANTENIMIENTO DE TABLEROS ELeCTRICOS,923,9
284,Cambio de colector electrico,583,9
285,SUMINISTRO DE ENERGiA ELeCTRICA-INSTALACIoN MANTENIMIENTO DE TABLEROS ELeCTRICOS,874,9
286,materiales y equipos,415,9
287,Suministro y traslado de herramientas,449,9
288,SUMINISTRO DE ENERGiA ELeCTRICA-INSTALACIoN MANTENIMIENTO DE TABLEROS ELeCTRICOS,198,9
289,Cambio de rodamiento,209,9
290,DESENERGIZACIoN Y ENERGIZACIoN DE TABLEROS ELeCTRICOS,986,9
291,DESENERGIZACIoN Y ENERGIZACIoN DE TABLEROS ELeCTRICOS,801,9
292,SUMINISTRO DE ENERGiA ELeCTRICA-INSTALACIoN MANTENIMIENTO DE TABLEROS ELeCTRICOS,882,9
293,Cambio de arrancador,527,9
294,Cambio de boca masa,770,10
295,Sistema Electrico de Equipos trackless (Preventivo y Correctivo),519,10
296,TRASLADO DE TABLERO CELDA O MINI BRECK,458,10
297,DESENERGIZACIoN Y ENERGIZACIoN DE PORTA FUSIBLES CUT OUT,153,10
298,Estructura de Equipos Trackless,493,10
299,Cambio de colector electrico,473,10
300,Cambio de alternador,90,10
301,TRASLADO DE TABLERO CELDA O MINI BRECK,945,10
302,Cambio de rodamiento,979,10
303,Cambio de arrancador,721,10
304,Reparacion o cambio de brazos telescopicos y vigas,264,10
305,Cambio de arrancador,247,10
306,Cambio de boca masa,509,10
307,Suministro y traslado de herramientas,492,10
308,Estructura de Equipos Trackless,528,10
309,Cambio de arrancador,130,10
310,Cambio de alternador,566,10
311,Cambio de MANTLE (forros),635,10
312,Cambio de rodamiento,214,10
313,TRASLADO DE TABLERO CELDA O MINI BRECK,353,10
314,Reparacion o cambio de brazos telescopicos y vigas,208,10
315,materiales y equipos,74,10
316,DESENERGIZACIoN Y ENERGIZACIoN DE PORTA FUSIBLES CUT OUT,448,10
317,Suministro y traslado de herramientas,230,10
318,Estructura de Equipos Trackless,335,10
319,Reparacion o cambio de brazos telescopicos y vigas,481,11
320,Cambio de boca masa,68,11
321,Cambio de boca masa,605,11
322,Reparacion o cambio de brazos telescopicos y vigas,175,11
323,INSTALACIoN Y CONEXIoN DE CELDAS Y MINI BRECK,345,11
324,Cambio de alternador,822,11
325,materiales y equipos,969,11
326,Reparacion o cambio de brazos telescopicos y vigas,928,11
327,Cambio de la cuchara del Scoop,615,11
328,Cambio de colector electrico,591,11
329,Estructura de Equipos Trackless,585,11
330,DESENERGIZACIoN Y ENERGIZACIoN DE PORTA FUSIBLES CUT OUT,80,11
331,MANTENIMIENTO DE ZARANDAS (Zaranda GRIZZLY TYLER 5' X 12'  ZISETEC 6' X 12'),188,11
332,Cambio de arrancador,922,11
333,DESENERGIZACIoN Y ENERGIZACIoN DE PORTA FUSIBLES CUT OUT,319,11
334,Sistema Electrico de Equipos trackless (Preventivo y Correctivo),4,11
335,Cambio de colector electrico,830,11
336,Cambio de boca masa,177,11
337,TRASLADO DE TABLERO CELDA O MINI BRECK,336,11
338,DESENERGIZACIoN Y ENERGIZACIoN DE PORTA FUSIBLES CUT OUT,103,11
339,DESENERGIZACIoN Y ENERGIZACIoN DE CELDAS Y MINI BRECK,286,11
340,MANTENIMIENTO DE ZARANDAS (Zaranda GRIZZLY TYLER 5' X 12'  ZISETEC 6' X 12'),453,11
341,Cambio de alternador,469,11
342,Cambio de rodamiento,503,11
343,Cambio de alternador,552,11
344,TRASLADO DE TABLERO CELDA O MINI BRECK,927,11
345,Cambio de alternador,970,11
346,Cambio de MANTLE (forros),591,11
347,DESENERGIZACIoN Y ENERGIZACIoN DE PORTA FUSIBLES CUT OUT,45,11
348,Estructura de Equipos Trackless,409,11
349,SUMINISTRO DE ENERGiA ELeCTRICA-INSTALACIoN MANTENIMIENTO DE TABLEROS ELeCTRICOS,584,11
350,SUMINISTRO DE ENERGiA ELeCTRICA-INSTALACIoN MANTENIMIENTO DE TABLEROS ELeCTRICOS,713,11
351,DESENERGIZACIoN Y ENERGIZACIoN DE TABLEROS ELeCTRICOS,917,11
352,Sistema Electrico de Equipos trackless (Preventivo y Correctivo),921,11
353,Cambio de boca masa,416,11
354,Cambio de arrancador,177,11
355,Suministro y traslado de herramientas,613,11
356,Sistema Electrico de Equipos trackless (Preventivo y Correctivo),787,11
357,Estructura de Equipos Trackless,816,12
358,Suministro y traslado de herramientas,266,12
359,Cambio de boca masa,505,12
360,Cambio de labio de cuchara del Scoop,551,12
361,Suministro y traslado de herramientas,798,12
362,Reparacion o cambio de brazos telescopicos y vigas,170,12
363,Cambio de la cuchara del Scoop,166,12
364,DESENERGIZACIoN Y ENERGIZACIoN DE TABLEROS ELeCTRICOS,641,12
365,INSTALACIoN Y CONEXIoN DE CELDAS Y MINI BRECK,260,12
366,Estructura de Equipos Trackless,882,12
367,Reparacion o cambio de brazos telescopicos y vigas,890,12
368,Cambio de MANTLE (forros),457,12
369,DESENERGIZACIoN Y ENERGIZACIoN DE PORTA FUSIBLES CUT OUT,495,12
370,SUMINISTRO DE ENERGiA ELeCTRICA-INSTALACIoN MANTENIMIENTO DE TABLEROS ELeCTRICOS,305,12
371,Cambio de labio de cuchara del Scoop,601,12
372,DESENERGIZACIoN Y ENERGIZACIoN DE PORTA FUSIBLES CUT OUT,223,12
373,Cambio de boca masa,178,13
374,TRASLADO DE TABLERO CELDA O MINI BRECK,583,13
375,MANTENIMIENTO DE ZARANDAS (Zaranda GRIZZLY TYLER 5' X 12'  ZISETEC 6' X 12'),167,13
376,Cambio de alternador,113,13
377,Cambio de labio de cuchara del Scoop,706,13
378,TRASLADO DE TABLERO CELDA O MINI BRECK,797,13
379,INSTALACIoN Y CONEXIoN DE CELDAS Y MINI BRECK,659,13
380,Estructura de Equipos Trackless,185,13
381,TRASLADO DE TABLERO CELDA O MINI BRECK,391,13
382,Cambio de boca masa,868,13
383,Estructura de Equipos Trackless,403,13
384,Cambio de arrancador,314,13
385,MANTENIMIENTO DE ZARANDAS (Zaranda GRIZZLY TYLER 5' X 12'  ZISETEC 6' X 12'),962,13
386,Cambio de alternador,842,13
387,Cambio de colector electrico,553,13
388,DESENERGIZACIoN Y ENERGIZACIoN DE TABLEROS ELeCTRICOS,681,13
389,TRASLADO DE TABLERO CELDA O MINI BRECK,195,13
390,SUMINISTRO DE ENERGiA ELeCTRICA-INSTALACIoN MANTENIMIENTO DE TABLEROS ELeCTRICOS,258,13
391,Cambio de la cuchara del Scoop,464,14
392,materiales y equipos,465,14
393,Cambio de boca masa,40,14
394,Cambio de alternador,760,14
395,Cambio de arrancador,614,14
396,Cambio de la cuchara del Scoop,574,14
397,Cambio de arrancador,282,14
398,Cambio de la cuchara del Scoop,190,14
399,SUMINISTRO DE ENERGiA ELeCTRICA-INSTALACIoN MANTENIMIENTO DE TABLEROS ELeCTRICOS,208,14
400,TRASLADO DE TABLERO CELDA O MINI BRECK,949,14
401,Estructura de Equipos Trackless,751,14
402,Sistema Electrico de Equipos trackless (Preventivo y Correctivo),292,14
403,Cambio de la cuchara del Scoop,712,14
404,Cambio de rodamiento,31,14
405,Cambio de labio de cuchara del Scoop,642,14
406,MANTENIMIENTO DE ZARANDAS (Zaranda GRIZZLY TYLER 5' X 12'  ZISETEC 6' X 12'),367,14
407,DESENERGIZACIoN Y ENERGIZACIoN DE CELDAS Y MINI BRECK,556,14
408,Estructura de Equipos Trackless,436,14
409,DESENERGIZACIoN Y ENERGIZACIoN DE TABLEROS ELeCTRICOS,475,14
410,Sistema Electrico de Equipos trackless (Preventivo y Correctivo),764,14
411,Cambio de alternador,432,14
412,Reparacion o cambio de brazos telescopicos y vigas,946,14
413,DESENERGIZACIoN Y ENERGIZACIoN DE CELDAS Y MINI BRECK,174,14
414,materiales y equipos,484,14
415,DESENERGIZACIoN Y ENERGIZACIoN DE PORTA FUSIBLES CUT OUT,595,14
416,Cambio de alternador,873,14
417,MANTENIMIENTO DE ZARANDAS (Zaranda GRIZZLY TYLER 5' X 12'  ZISETEC 6' X 12'),325,14
418,Cambio de MANTLE (forros),50,14
419,Reparacion o cambio de brazos telescopicos y vigas,289,15
420,Cambio de colector electrico,140,15
421,Reparacion o cambio de brazos telescopicos y vigas,602,15
422,Cambio de la cuchara del Scoop,635,15
423,materiales y equipos,148,15
424,MANTENIMIENTO DE ZARANDAS (Zaranda GRIZZLY TYLER 5' X 12'  ZISETEC 6' X 12'),765,15
425,Cambio de colector electrico,173,15
426,materiales y equipos,289,15
427,Cambio de labio de cuchara del Scoop,380,15
428,Reparacion o cambio de brazos telescopicos y vigas,373,15
429,TRASLADO DE TABLERO CELDA O MINI BRECK,475,15
430,Cambio de labio de cuchara del Scoop,860,15
431,Cambio de colector electrico,885,15
432,materiales y equipos,214,15
433,Cambio de arrancador,110,15
434,Cambio de arrancador,776,15
435,DESENERGIZACIoN Y ENERGIZACIoN DE PORTA FUSIBLES CUT OUT,146,15
436,DESENERGIZACIoN Y ENERGIZACIoN DE TABLEROS ELeCTRICOS,110,15
437,SUMINISTRO DE ENERGiA ELeCTRICA-INSTALACIoN MANTENIMIENTO DE TABLEROS ELeCTRICOS,926,15
438,Estructura de Equipos Trackless,57,15
439,DESENERGIZACIoN Y ENERGIZACIoN DE CELDAS Y MINI BRECK,991,15
440,Estructura de Equipos Trackless,374,15
441,materiales y equipos,905,15
442,DESENERGIZACIoN Y ENERGIZACIoN DE TABLEROS ELeCTRICOS,839,15
443,Cambio de alternador,40,16
444,Cambio de la cuchara del Scoop,789,16
445,DESENERGIZACIoN Y ENERGIZACIoN DE CELDAS Y MINI BRECK,741,16
446,MANTENIMIENTO DE ZARANDAS (Zaranda GRIZZLY TYLER 5' X 12'  ZISETEC 6' X 12'),503,16
447,Cambio de colector electrico,551,16
448,Cambio de la cuchara del Scoop,373,16
449,DESENERGIZACIoN Y ENERGIZACIoN DE TABLEROS ELeCTRICOS,113,16
450,Suministro y traslado de herramientas,559,16
451,Cambio de alternador,567,16
452,Cambio de la cuchara del Scoop,505,16
453,MANTENIMIENTO DE ZARANDAS (Zaranda GRIZZLY TYLER 5' X 12'  ZISETEC 6' X 12'),194,16
454,MANTENIMIENTO DE ZARANDAS (Zaranda GRIZZLY TYLER 5' X 12'  ZISETEC 6' X 12'),414,16
455,Cambio de colector electrico,178,16
456,materiales y equipos,879,16
457,Cambio de labio de cuchara del Scoop,851,16
458,MANTENIMIENTO DE ZARANDAS (Zaranda GRIZZLY TYLER 5' X 12'  ZISETEC 6' X 12'),312,16
459,Cambio de rodamiento,506,16
460,TRASLADO DE TABLERO CELDA O MINI BRECK,690,16
461,Cambio de alternador,3,16
462,MANTENIMIENTO DE ZARANDAS (Zaranda GRIZZLY TYLER 5' X 12'  ZISETEC 6' X 12'),914,16
463,Cambio de rodamiento,71,16
464,Cambio de colector electrico,694,16
465,Cambio de MANTLE (forros),835,16
466,DESENERGIZACIoN Y ENERGIZACIoN DE PORTA FUSIBLES CUT OUT,357,16
467,INSTALACIoN Y CONEXIoN DE CELDAS Y MINI BRECK,755,16
468,materiales y equipos,935,16
469,TRASLADO DE TABLERO CELDA O MINI BRECK,580,16
470,TRASLADO DE TABLERO CELDA O MINI BRECK,284,16
471,Cambio de rodamiento,794,16
472,SUMINISTRO DE ENERGiA ELeCTRICA-INSTALACIoN MANTENIMIENTO DE TABLEROS ELeCTRICOS,660,16
473,INSTALACIoN Y CONEXIoN DE CELDAS Y MINI BRECK,598,16
474,INSTALACIoN Y CONEXIoN DE CELDAS Y MINI BRECK,587,16
475,Cambio de arrancador,393,16
476,DESENERGIZACIoN Y ENERGIZACIoN DE CELDAS Y MINI BRECK,848,16
477,Cambio de alternador,781,16
478,DESENERGIZACIoN Y ENERGIZACIoN DE TABLEROS ELeCTRICOS,675,16
479,materiales y equipos,362,16
480,Reparacion o cambio de brazos telescopicos y vigas,383,16
481,Reparacion o cambio de brazos telescopicos y vigas,704,16
482,Reparacion o cambio de brazos telescopicos y vigas,336,16
483,DESENERGIZACIoN Y ENERGIZACIoN DE CELDAS Y MINI BRECK,456,17
484,DESENERGIZACIoN Y ENERGIZACIoN DE TABLEROS ELeCTRICOS,584,17
485,DESENERGIZACIoN Y ENERGIZACIoN DE CELDAS Y MINI BRECK,556,17
486,Cambio de rodamiento,725,17
487,Cambio de rodamiento,927,17
488,Cambio de rodamiento,854,17
489,DESENERGIZACIoN Y ENERGIZACIoN DE TABLEROS ELeCTRICOS,399,17
490,Cambio de rodamiento,771,17
491,Sistema Electrico de Equipos trackless (Preventivo y Correctivo),729,17
492,Cambio de arrancador,274,17
493,Reparacion o cambio de brazos telescopicos y vigas,293,17
494,Cambio de arrancador,592,17
495,Sistema Electrico de Equipos trackless (Preventivo y Correctivo),495,17
496,MANTENIMIENTO DE ZARANDAS (Zaranda GRIZZLY TYLER 5' X 12'  ZISETEC 6' X 12'),882,17
497,materiales y equipos,161,17
498,Reparacion o cambio de brazos telescopicos y vigas,806,17
499,Cambio de alternador,113,17
500,Cambio de alternador,178,17
501,Sistema Electrico de Equipos trackless (Preventivo y Correctivo),556,17
502,MANTENIMIENTO DE ZARANDAS (Zaranda GRIZZLY TYLER 5' X 12'  ZISETEC 6' X 12'),854,17
503,Reparacion o cambio de brazos telescopicos y vigas,461,17
504,Cambio de alternador,606,17
505,Cambio de colector electrico,976,17
506,Cambio de la cuchara del Scoop,637,17
507,Cambio de labio de cuchara del Scoop,513,17
508,DESENERGIZACIoN Y ENERGIZACIoN DE TABLEROS ELeCTRICOS,222,17
509,Reparacion o cambio de brazos telescopicos y vigas,539,17
510,TRASLADO DE TABLERO CELDA O MINI BRECK,4,17
511,Suministro y traslado de herramientas,206,17
512,Suministro y traslado de herramientas,64,17
513,MANTENIMIENTO DE ZARANDAS (Zaranda GRIZZLY TYLER 5' X 12'  ZISETEC 6' X 12'),133,17
514,INSTALACIoN Y CONEXIoN DE CELDAS Y MINI BRECK,529,17
515,Cambio de labio de cuchara del Scoop,524,17
516,MANTENIMIENTO DE ZARANDAS (Zaranda GRIZZLY TYLER 5' X 12'  ZISETEC 6' X 12'),713,17
517,Reparacion o cambio de brazos telescopicos y vigas,538,17
518,TRASLADO DE TABLERO CELDA O MINI BRECK,979,17
519,Cambio de arrancador,496,17
520,DESENERGIZACIoN Y ENERGIZACIoN DE PORTA FUSIBLES CUT OUT,253,18
521,Cambio de arrancador,55,18
522,Cambio de boca masa,47,18
523,Sistema Electrico de Equipos trackless (Preventivo y Correctivo),380,18
524,Cambio de alternador,545,18
525,DESENERGIZACIoN Y ENERGIZACIoN DE PORTA FUSIBLES CUT OUT,482,18
526,materiales y equipos,443,18
527,materiales y equipos,548,18
528,Cambio de colector electrico,937,18
529,Cambio de la cuchara del Scoop,97,18
530,Cambio de boca masa,800,18
531,Reparacion o cambio de brazos telescopicos y vigas,100,18
532,Cambio de la cuchara del Scoop,251,18
533,Cambio de la cuchara del Scoop,814,18
534,Cambio de rodamiento,215,18
535,Suministro y traslado de herramientas,67,18
536,TRASLADO DE TABLERO CELDA O MINI BRECK,395,18
537,Estructura de Equipos Trackless,526,18
538,SUMINISTRO DE ENERGiA ELeCTRICA-INSTALACIoN MANTENIMIENTO DE TABLEROS ELeCTRICOS,413,18
539,materiales y equipos,266,18
540,Cambio de arrancador,676,18
541,DESENERGIZACIoN Y ENERGIZACIoN DE CELDAS Y MINI BRECK,130,18
542,DESENERGIZACIoN Y ENERGIZACIoN DE PORTA FUSIBLES CUT OUT,402,18
543,Reparacion o cambio de brazos telescopicos y vigas,38,18
544,Cambio de rodamiento,299,18
545,materiales y equipos,306,18
546,Cambio de arrancador,580,18
547,Reparacion o cambio de brazos telescopicos y vigas,257,18
548,TRASLADO DE TABLERO CELDA O MINI BRECK,255,18
549,materiales y equipos,318,18
550,DESENERGIZACIoN Y ENERGIZACIoN DE PORTA FUSIBLES CUT OUT,821,18
551,Cambio de alternador,565,18
552,INSTALACIoN Y CONEXIoN DE CELDAS Y MINI BRECK,13,18
553,Suministro y traslado de herramientas,559,18
554,Cambio de colector electrico,187,19
555,Cambio de boca masa,891,19
556,TRASLADO DE TABLERO CELDA O MINI BRECK,895,19
557,DESENERGIZACIoN Y ENERGIZACIoN DE TABLEROS ELeCTRICOS,384,19
558,INSTALACIoN Y CONEXIoN DE CELDAS Y MINI BRECK,651,19
559,Cambio de labio de cuchara del Scoop,296,19
560,DESENERGIZACIoN Y ENERGIZACIoN DE PORTA FUSIBLES CUT OUT,380,19
561,Reparacion o cambio de brazos telescopicos y vigas,952,19
562,DESENERGIZACIoN Y ENERGIZACIoN DE PORTA FUSIBLES CUT OUT,239,19
563,Cambio de rodamiento,308,19
564,Cambio de boca masa,106,19
565,Suministro y traslado de herramientas,740,19
566,Estructura de Equipos Trackless,868,19
567,Cambio de MANTLE (forros),324,19
568,Cambio de MANTLE (forros),793,19
569,MANTENIMIENTO DE ZARANDAS (Zaranda GRIZZLY TYLER 5' X 12'  ZISETEC 6' X 12'),375,20
570,Estructura de Equipos Trackless,475,20
571,materiales y equipos,129,20
572,materiales y equipos,524,20
573,INSTALACIoN Y CONEXIoN DE CELDAS Y MINI BRECK,58,20
574,TRASLADO DE TABLERO CELDA O MINI BRECK,289,20
575,Cambio de la cuchara del Scoop,941,20
576,Sistema Electrico de Equipos trackless (Preventivo y Correctivo),408,20
577,SUMINISTRO DE ENERGiA ELeCTRICA-INSTALACIoN MANTENIMIENTO DE TABLEROS ELeCTRICOS,715,20
578,Cambio de rodamiento,126,20
579,Cambio de arrancador,360,20
580,MANTENIMIENTO DE ZARANDAS (Zaranda GRIZZLY TYLER 5' X 12'  ZISETEC 6' X 12'),592,20
581,TRASLADO DE TABLERO CELDA O MINI BRECK,422,20
582,DESENERGIZACIoN Y ENERGIZACIoN DE TABLEROS ELeCTRICOS,692,20
583,Sistema Electrico de Equipos trackless (Preventivo y Correctivo),773,20
584,Cambio de alternador,495,20
585,Cambio de la cuchara del Scoop,211,20
586,Sistema Electrico de Equipos trackless (Preventivo y Correctivo),993,20
587,DESENERGIZACIoN Y ENERGIZACIoN DE PORTA FUSIBLES CUT OUT,35,20
588,Estructura de Equipos Trackless,422,20
589,DESENERGIZACIoN Y ENERGIZACIoN DE TABLEROS ELeCTRICOS,678,20
590,Estructura de Equipos Trackless,315,20
591,SUMINISTRO DE ENERGiA ELeCTRICA-INSTALACIoN MANTENIMIENTO DE TABLEROS ELeCTRICOS,936,20
592,Cambio de alternador,173,20
593,DESENERGIZACIoN Y ENERGIZACIoN DE PORTA FUSIBLES CUT OUT,930,20
594,DESENERGIZACIoN Y ENERGIZACIoN DE CELDAS Y MINI BRECK,345,20
595,Sistema Electrico de Equipos trackless (Preventivo y Correctivo),380,21
596,materiales y equipos,861,21
597,Cambio de labio de cuchara del Scoop,804,21
598,Cambio de boca masa,82,21
599,Cambio de colector electrico,243,21
600,Cambio de alternador,203,21
601,Suministro y traslado de herramientas,981,21
602,Cambio de rodamiento,142,21
603,SUMINISTRO DE ENERGiA ELeCTRICA-INSTALACIoN MANTENIMIENTO DE TABLEROS ELeCTRICOS,437,21
604,Cambio de la cuchara del Scoop,476,21
605,Cambio de colector electrico,397,21
606,Cambio de MANTLE (forros),961,21
607,Sistema Electrico de Equipos trackless (Preventivo y Correctivo),520,21
608,DESENERGIZACIoN Y ENERGIZACIoN DE CELDAS Y MINI BRECK,331,21
609,MANTENIMIENTO DE ZARANDAS (Zaranda GRIZZLY TYLER 5' X 12'  ZISETEC 6' X 12'),995,21
610,Cambio de boca masa,667,21
611,Estructura de Equipos Trackless,398,21
612,Cambio de labio de cuchara del Scoop,814,21
613,SUMINISTRO DE ENERGiA ELeCTRICA-INSTALACIoN MANTENIMIENTO DE TABLEROS ELeCTRICOS,837,21
614,TRASLADO DE TABLERO CELDA O MINI BRECK,255,21
615,DESENERGIZACIoN Y ENERGIZACIoN DE PORTA FUSIBLES CUT OUT,212,21
616,Cambio de alternador,832,21
617,INSTALACIoN Y CONEXIoN DE CELDAS Y MINI BRECK,166,21
618,Cambio de boca masa,305,21
619,MANTENIMIENTO DE ZARANDAS (Zaranda GRIZZLY TYLER 5' X 12'  ZISETEC 6' X 12'),908,21
620,Cambio de labio de cuchara del Scoop,765,21
621,Cambio de alternador,538,21
622,Cambio de la cuchara del Scoop,615,22
623,Cambio de MANTLE (forros),233,22
624,DESENERGIZACIoN Y ENERGIZACIoN DE CELDAS Y MINI BRECK,267,22
625,Cambio de labio de cuchara del Scoop,244,22
626,Cambio de colector electrico,570,22
627,DESENERGIZACIoN Y ENERGIZACIoN DE CELDAS Y MINI BRECK,547,22
628,Cambio de rodamiento,615,22
629,Cambio de arrancador,555,22
630,Cambio de alternador,454,22
631,Estructura de Equipos Trackless,142,22
632,materiales y equipos,933,22
633,DESENERGIZACIoN Y ENERGIZACIoN DE PORTA FUSIBLES CUT OUT,964,22
634,Cambio de rodamiento,986,22
635,DESENERGIZACIoN Y ENERGIZACIoN DE TABLEROS ELeCTRICOS,563,22
636,TRASLADO DE TABLERO CELDA O MINI BRECK,290,22
637,materiales y equipos,860,22
638,Reparacion o cambio de brazos telescopicos y vigas,529,22
639,DESENERGIZACIoN Y ENERGIZACIoN DE PORTA FUSIBLES CUT OUT,244,22
640,Cambio de la cuchara del Scoop,164,22
641,DESENERGIZACIoN Y ENERGIZACIoN DE TABLEROS ELeCTRICOS,581,22
642,Cambio de MANTLE (forros),984,22
643,SUMINISTRO DE ENERGiA ELeCTRICA-INSTALACIoN MANTENIMIENTO DE TABLEROS ELeCTRICOS,420,22
644,Sistema Electrico de Equipos trackless (Preventivo y Correctivo),241,22
645,Cambio de alternador,231,22
646,Suministro y traslado de herramientas,414,22
647,Cambio de colector electrico,82,22
648,Cambio de la cuchara del Scoop,648,22
649,Cambio de alternador,230,22
650,Cambio de la cuchara del Scoop,120,22
651,Cambio de rodamiento,395,22
652,Cambio de la cuchara del Scoop,360,22
653,Cambio de MANTLE (forros),583,22
654,Cambio de MANTLE (forros),991,22
655,Cambio de MANTLE (forros),542,22
656,Sistema Electrico de Equipos trackless (Preventivo y Correctivo),837,22
657,Cambio de alternador,844,22
658,Cambio de colector electrico,98,22
659,Cambio de colector electrico,558,23
660,Cambio de colector electrico,502,23
661,Cambio de alternador,97,23
662,materiales y equipos,861,23
663,INSTALACIoN Y CONEXIoN DE CELDAS Y MINI BRECK,238,23
664,Cambio de alternador,935,23
665,DESENERGIZACIoN Y ENERGIZACIoN DE PORTA FUSIBLES CUT OUT,701,23
666,Cambio de MANTLE (forros),580,23
667,Cambio de boca masa,408,23
668,SUMINISTRO DE ENERGiA ELeCTRICA-INSTALACIoN MANTENIMIENTO DE TABLEROS ELeCTRICOS,455,23
669,Estructura de Equipos Trackless,244,23
670,DESENERGIZACIoN Y ENERGIZACIoN DE CELDAS Y MINI BRECK,256,23
671,Sistema Electrico de Equipos trackless (Preventivo y Correctivo),634,23
672,INSTALACIoN Y CONEXIoN DE CELDAS Y MINI BRECK,772,23
673,Cambio de alternador,10,23
674,Cambio de arrancador,202,23
675,DESENERGIZACIoN Y ENERGIZACIoN DE PORTA FUSIBLES CUT OUT,214,23
676,Cambio de rodamiento,467,23
677,Cambio de MANTLE (forros),370,23
678,Cambio de alternador,260,23
679,Sistema Electrico de Equipos trackless (Preventivo y Correctivo),102,23
680,Cambio de rodamiento,927,23
681,DESENERGIZACIoN Y ENERGIZACIoN DE PORTA FUSIBLES CUT OUT,510,23
682,Cambio de alternador,658,24
683,Estructura de Equipos Trackless,738,24
684,Cambio de labio de cuchara del Scoop,353,24
685,MANTENIMIENTO DE ZARANDAS (Zaranda GRIZZLY TYLER 5' X 12'  ZISETEC 6' X 12'),965,24
686,Cambio de la cuchara del Scoop,352,24
687,Cambio de colector electrico,237,24
688,Cambio de boca masa,583,24
689,Cambio de boca masa,66,24
690,Cambio de boca masa,491,24
691,INSTALACIoN Y CONEXIoN DE CELDAS Y MINI BRECK,935,24
692,MANTENIMIENTO DE ZARANDAS (Zaranda GRIZZLY TYLER 5' X 12'  ZISETEC 6' X 12'),627,24
693,Cambio de rodamiento,101,24
694,Cambio de rodamiento,116,24
695,DESENERGIZACIoN Y ENERGIZACIoN DE TABLEROS ELeCTRICOS,290,24
696,Cambio de alternador,911,24
697,DESENERGIZACIoN Y ENERGIZACIoN DE CELDAS Y MINI BRECK,309,24
698,Cambio de rodamiento,702,24
699,MANTENIMIENTO DE ZARANDAS (Zaranda GRIZZLY TYLER 5' X 12'  ZISETEC 6' X 12'),981,24
700,DESENERGIZACIoN Y ENERGIZACIoN DE PORTA FUSIBLES CUT OUT,341,24
701,Cambio de boca masa,556,24
702,Cambio de MANTLE (forros),79,24
703,INSTALACIoN Y CONEXIoN DE CELDAS Y MINI BRECK,59,24
704,Reparacion o cambio de brazos telescopicos y vigas,149,24
705,Cambio de la cuchara del Scoop,447,24
706,Cambio de rodamiento,378,24
707,MANTENIMIENTO DE ZARANDAS (Zaranda GRIZZLY TYLER 5' X 12'  ZISETEC 6' X 12'),649,24
708,Estructura de Equipos Trackless,49,24
709,materiales y equipos,441,24
710,Sistema Electrico de Equipos trackless (Preventivo y Correctivo),667,24
711,Cambio de boca masa,323,24
712,Cambio de arrancador,304,24
713,Estructura de Equipos Trackless,572,24
714,Cambio de boca masa,658,24
715,Sistema Electrico de Equipos trackless (Preventivo y Correctivo),138,24
716,Sistema Electrico de Equipos trackless (Preventivo y Correctivo),972,24
717,Reparacion o cambio de brazos telescopicos y vigas,902,24
718,MANTENIMIENTO DE ZARANDAS (Zaranda GRIZZLY TYLER 5' X 12'  ZISETEC 6' X 12'),125,25
719,Cambio de la cuchara del Scoop,983,25
720,DESENERGIZACIoN Y ENERGIZACIoN DE TABLEROS ELeCTRICOS,853,25
721,materiales y equipos,416,25
722,Cambio de la cuchara del Scoop,183,25
723,DESENERGIZACIoN Y ENERGIZACIoN DE TABLEROS ELeCTRICOS,953,25
724,Cambio de rodamiento,966,25
725,Cambio de arrancador,959,25
726,MANTENIMIENTO DE ZARANDAS (Zaranda GRIZZLY TYLER 5' X 12'  ZISETEC 6' X 12'),256,25
727,MANTENIMIENTO DE ZARANDAS (Zaranda GRIZZLY TYLER 5' X 12'  ZISETEC 6' X 12'),548,25
728,Estructura de Equipos Trackless,110,25
729,TRASLADO DE TABLERO CELDA O MINI BRECK,729,25
730,SUMINISTRO DE ENERGiA ELeCTRICA-INSTALACIoN MANTENIMIENTO DE TABLEROS ELeCTRICOS,654,25
731,Reparacion o cambio de brazos telescopicos y vigas,776,25
732,Cambio de labio de cuchara del Scoop,967,25
733,Cambio de colector electrico,818,25
734,Cambio de boca masa,802,25
735,SUMINISTRO DE ENERGiA ELeCTRICA-INSTALACIoN MANTENIMIENTO DE TABLEROS ELeCTRICOS,113,25
736,TRASLADO DE TABLERO CELDA O MINI BRECK,53,25
737,Estructura de Equipos Trackless,802,25
738,INSTALACIoN Y CONEXIoN DE CELDAS Y MINI BRECK,145,25
739,DESENERGIZACIoN Y ENERGIZACIoN DE CELDAS Y MINI BRECK,244,25
740,materiales y equipos,144,25
741,Suministro y traslado de herramientas,711,25
742,Cambio de la cuchara del Scoop,146,25
743,Cambio de arrancador,633,25
744,TRASLADO DE TABLERO CELDA O MINI BRECK,84,25
745,DESENERGIZACIoN Y ENERGIZACIoN DE CELDAS Y MINI BRECK,206,26
746,Cambio de arrancador,375,26
747,Cambio de alternador,55,26
748,Cambio de boca masa,6,26
749,DESENERGIZACIoN Y ENERGIZACIoN DE PORTA FUSIBLES CUT OUT,908,26
750,materiales y equipos,601,26
751,Estructura de Equipos Trackless,174,26
752,INSTALACIoN Y CONEXIoN DE CELDAS Y MINI BRECK,763,26
753,Sistema Electrico de Equipos trackless (Preventivo y Correctivo),769,26
754,Cambio de arrancador,620,26
755,MANTENIMIENTO DE ZARANDAS (Zaranda GRIZZLY TYLER 5' X 12'  ZISETEC 6' X 12'),137,26
756,MANTENIMIENTO DE ZARANDAS (Zaranda GRIZZLY TYLER 5' X 12'  ZISETEC 6' X 12'),88,26
757,Cambio de arrancador,866,26
758,DESENERGIZACIoN Y ENERGIZACIoN DE CELDAS Y MINI BRECK,421,26
759,DESENERGIZACIoN Y ENERGIZACIoN DE PORTA FUSIBLES CUT OUT,51,26
760,Cambio de alternador,608,26
761,Cambio de rodamiento,35,27
762,Cambio de la cuchara del Scoop,38,27
763,Reparacion o cambio de brazos telescopicos y vigas,216,27
764,DESENERGIZACIoN Y ENERGIZACIoN DE PORTA FUSIBLES CUT OUT,420,27
765,DESENERGIZACIoN Y ENERGIZACIoN DE PORTA FUSIBLES CUT OUT,371,27
766,Cambio de arrancador,156,27
767,Sistema Electrico de Equipos trackless (Preventivo y Correctivo),72,27
768,Cambio de labio de cuchara del Scoop,465,27
769,INSTALACIoN Y CONEXIoN DE CELDAS Y MINI BRECK,906,27
770,Estructura de Equipos Trackless,116,27
771,TRASLADO DE TABLERO CELDA O MINI BRECK,339,27
772,DESENERGIZACIoN Y ENERGIZACIoN DE TABLEROS ELeCTRICOS,707,27
773,MANTENIMIENTO DE ZARANDAS (Zaranda GRIZZLY TYLER 5' X 12'  ZISETEC 6' X 12'),705,27
774,Sistema Electrico de Equipos trackless (Preventivo y Correctivo),587,27
775,MANTENIMIENTO DE ZARANDAS (Zaranda GRIZZLY TYLER 5' X 12'  ZISETEC 6' X 12'),804,27
776,SUMINISTRO DE ENERGiA ELeCTRICA-INSTALACIoN MANTENIMIENTO DE TABLEROS ELeCTRICOS,38,27
777,DESENERGIZACIoN Y ENERGIZACIoN DE TABLEROS ELeCTRICOS,995,27
778,Cambio de la cuchara del Scoop,180,27
779,MANTENIMIENTO DE ZARANDAS (Zaranda GRIZZLY TYLER 5' X 12'  ZISETEC 6' X 12'),82,27
780,MANTENIMIENTO DE ZARANDAS (Zaranda GRIZZLY TYLER 5' X 12'  ZISETEC 6' X 12'),304,27
781,Suministro y traslado de herramientas,595,27
782,Cambio de MANTLE (forros),444,27
783,Cambio de MANTLE (forros),690,27
784,MANTENIMIENTO DE ZARANDAS (Zaranda GRIZZLY TYLER 5' X 12'  ZISETEC 6' X 12'),153,28
785,Cambio de alternador,949,28
786,Cambio de colector electrico,184,28
787,Suministro y traslado de herramientas,664,28
788,Cambio de labio de cuchara del Scoop,445,28
789,Cambio de la cuchara del Scoop,573,28
790,Cambio de arrancador,64,28
791,Sistema Electrico de Equipos trackless (Preventivo y Correctivo),693,28
792,DESENERGIZACIoN Y ENERGIZACIoN DE TABLEROS ELeCTRICOS,135,28
793,DESENERGIZACIoN Y ENERGIZACIoN DE PORTA FUSIBLES CUT OUT,483,28
794,Cambio de colector electrico,208,28
795,TRASLADO DE TABLERO CELDA O MINI BRECK,154,28
796,Cambio de arrancador,180,28
797,Cambio de boca masa,355,28
798,MANTENIMIENTO DE ZARANDAS (Zaranda GRIZZLY TYLER 5' X 12'  ZISETEC 6' X 12'),791,28
799,Reparacion o cambio de brazos telescopicos y vigas,500,28
800,Suministro y traslado de herramientas,529,28
801,Suministro y traslado de herramientas,685,28
802,Suministro y traslado de herramientas,518,28
803,Cambio de labio de cuchara del Scoop,137,28
804,DESENERGIZACIoN Y ENERGIZACIoN DE PORTA FUSIBLES CUT OUT,5,28
805,TRASLADO DE TABLERO CELDA O MINI BRECK,366,28
806,Reparacion o cambio de brazos telescopicos y vigas,435,28
807,Cambio de rodamiento,107,28
808,Cambio de la cuchara del Scoop,468,28
809,DESENERGIZACIoN Y ENERGIZACIoN DE CELDAS Y MINI BRECK,901,28
810,INSTALACIoN Y CONEXIoN DE CELDAS Y MINI BRECK,318,28
811,INSTALACIoN Y CONEXIoN DE CELDAS Y MINI BRECK,151,28
812,Cambio de boca masa,333,28
813,SUMINISTRO DE ENERGiA ELeCTRICA-INSTALACIoN MANTENIMIENTO DE TABLEROS ELeCTRICOS,444,28
814,Estructura de Equipos Trackless,468,28
815,MANTENIMIENTO DE ZARANDAS (Zaranda GRIZZLY TYLER 5' X 12'  ZISETEC 6' X 12'),612,28
816,DESENERGIZACIoN Y ENERGIZACIoN DE CELDAS Y MINI BRECK,535,28
817,materiales y equipos,307,28
818,Suministro y traslado de herramientas,361,28
819,MANTENIMIENTO DE ZARANDAS (Zaranda GRIZZLY TYLER 5' X 12'  ZISETEC 6' X 12'),302,28
820,Cambio de la cuchara del Scoop,358,28
821,Suministro y traslado de herramientas,674,29
822,materiales y equipos,692,29
823,Sistema Electrico de Equipos trackless (Preventivo y Correctivo),593,29
824,Cambio de alternador,626,29
825,TRASLADO DE TABLERO CELDA O MINI BRECK,612,29
826,Reparacion o cambio de brazos telescopicos y vigas,84,29
827,Cambio de alternador,546,29
828,Reparacion o cambio de brazos telescopicos y vigas,902,29
829,Cambio de arrancador,996,29
830,Cambio de la cuchara del Scoop,941,29
831,DESENERGIZACIoN Y ENERGIZACIoN DE TABLEROS ELeCTRICOS,685,29
832,Reparacion o cambio de brazos telescopicos y vigas,801,29
833,DESENERGIZACIoN Y ENERGIZACIoN DE TABLEROS ELeCTRICOS,788,29
834,Cambio de arrancador,212,29
835,Cambio de rodamiento,942,29
836,materiales y equipos,182,29
837,Cambio de labio de cuchara del Scoop,978,29
838,INSTALACIoN Y CONEXIoN DE CELDAS Y MINI BRECK,910,29
839,Cambio de colector electrico,793,29
840,Cambio de MANTLE (forros),201,29
841,INSTALACIoN Y CONEXIoN DE CELDAS Y MINI BRECK,893,29
842,Cambio de labio de cuchara del Scoop,431,29
843,DESENERGIZACIoN Y ENERGIZACIoN DE TABLEROS ELeCTRICOS,474,29
844,DESENERGIZACIoN Y ENERGIZACIoN DE CELDAS Y MINI BRECK,101,29
845,Reparacion o cambio de brazos telescopicos y vigas,376,29
846,Cambio de la cuchara del Scoop,494,29
847,INSTALACIoN Y CONEXIoN DE CELDAS Y MINI BRECK,835,29
848,Cambio de arrancador,369,29
849,Suministro y traslado de herramientas,8,29
850,DESENERGIZACIoN Y ENERGIZACIoN DE CELDAS Y MINI BRECK,33,29
851,INSTALACIoN Y CONEXIoN DE CELDAS Y MINI BRECK,498,29
852,SUMINISTRO DE ENERGiA ELeCTRICA-INSTALACIoN MANTENIMIENTO DE TABLEROS ELeCTRICOS,298,29
853,Reparacion o cambio de brazos telescopicos y vigas,971,29
854,Sistema Electrico de Equipos trackless (Preventivo y Correctivo),875,29
855,Reparacion o cambio de brazos telescopicos y vigas,804,29
856,Cambio de rodamiento,229,29
857,Suministro y traslado de herramientas,595,29
858,Estructura de Equipos Trackless,319,29
859,materiales y equipos,474,30
860,Cambio de labio de cuchara del Scoop,171,30
861,Cambio de alternador,417,30
862,DESENERGIZACIoN Y ENERGIZACIoN DE TABLEROS ELeCTRICOS,703,30
863,Cambio de la cuchara del Scoop,692,30
864,INSTALACIoN Y CONEXIoN DE CELDAS Y MINI BRECK,212,30
865,Cambio de arrancador,718,30
866,Estructura de Equipos Trackless,700,30
867,Reparacion o cambio de brazos telescopicos y vigas,299,30
868,Cambio de arrancador,153,30
869,Suministro y traslado de herramientas,538,30
870,Cambio de MANTLE (forros),158,30
871,Cambio de labio de cuchara del Scoop,652,30
872,Cambio de arrancador,480,30
873,Estructura de Equipos Trackless,498,30
874,materiales y equipos,196,30
875,materiales y equipos,622,31
876,DESENERGIZACIoN Y ENERGIZACIoN DE CELDAS Y MINI BRECK,35,31
877,Cambio de arrancador,622,31
878,TRASLADO DE TABLERO CELDA O MINI BRECK,959,31
879,TRASLADO DE TABLERO CELDA O MINI BRECK,81,31
880,Sistema Electrico de Equipos trackless (Preventivo y Correctivo),241,31
881,Cambio de boca masa,277,31
882,MANTENIMIENTO DE ZARANDAS (Zaranda GRIZZLY TYLER 5' X 12'  ZISETEC 6' X 12'),982,31
883,Cambio de arrancador,587,31
884,Cambio de la cuchara del Scoop,692,31
885,Cambio de rodamiento,488,31
886,materiales y equipos,543,31
887,Suministro y traslado de herramientas,432,31
888,SUMINISTRO DE ENERGiA ELeCTRICA-INSTALACIoN MANTENIMIENTO DE TABLEROS ELeCTRICOS,679,31
889,Sistema Electrico de Equipos trackless (Preventivo y Correctivo),207,31
890,Suministro y traslado de herramientas,585,31
891,Cambio de boca masa,577,31
892,Cambio de alternador,314,31
893,Cambio de labio de cuchara del Scoop,854,31
894,Reparacion o cambio de brazos telescopicos y vigas,240,31
895,Estructura de Equipos Trackless,838,31
896,Cambio de la cuchara del Scoop,990,31
897,Cambio de la cuchara del Scoop,270,31
898,Cambio de alternador,222,31
899,DESENERGIZACIoN Y ENERGIZACIoN DE CELDAS Y MINI BRECK,673,31
900,Cambio de rodamiento,934,31
901,Cambio de colector electrico,223,31
902,Cambio de arrancador,757,31
903,Cambio de MANTLE (forros),134,31
904,DESENERGIZACIoN Y ENERGIZACIoN DE PORTA FUSIBLES CUT OUT,122,31
905,Cambio de alternador,432,31
906,SUMINISTRO DE ENERGiA ELeCTRICA-INSTALACIoN MANTENIMIENTO DE TABLEROS ELeCTRICOS,65,31
907,Cambio de MANTLE (forros),188,32
908,TRASLADO DE TABLERO CELDA O MINI BRECK,34,32
909,Cambio de MANTLE (forros),874,32
910,Cambio de MANTLE (forros),571,32
911,INSTALACIoN Y CONEXIoN DE CELDAS Y MINI BRECK,679,32
912,DESENERGIZACIoN Y ENERGIZACIoN DE PORTA FUSIBLES CUT OUT,539,32
913,TRASLADO DE TABLERO CELDA O MINI BRECK,154,32
914,SUMINISTRO DE ENERGiA ELeCTRICA-INSTALACIoN MANTENIMIENTO DE TABLEROS ELeCTRICOS,322,32
915,Estructura de Equipos Trackless,503,32
916,Sistema Electrico de Equipos trackless (Preventivo y Correctivo),137,32
917,Reparacion o cambio de brazos telescopicos y vigas,142,32
918,DESENERGIZACIoN Y ENERGIZACIoN DE TABLEROS ELeCTRICOS,522,32
919,DESENERGIZACIoN Y ENERGIZACIoN DE CELDAS Y MINI BRECK,553,32
920,MANTENIMIENTO DE ZARANDAS (Zaranda GRIZZLY TYLER 5' X 12'  ZISETEC 6' X 12'),391,32
921,SUMINISTRO DE ENERGiA ELeCTRICA-INSTALACIoN MANTENIMIENTO DE TABLEROS ELeCTRICOS,72,32
922,Suministro y traslado de herramientas,115,32
923,Cambio de MANTLE (forros),648,32
924,Cambio de rodamiento,535,32
925,Cambio de labio de cuchara del Scoop,575,32
926,Cambio de la cuchara del Scoop,665,32
927,Cambio de boca masa,605,32
928,TRASLADO DE TABLERO CELDA O MINI BRECK,342,32
929,Reparacion o cambio de brazos telescopicos y vigas,752,32
930,DESENERGIZACIoN Y ENERGIZACIoN DE CELDAS Y MINI BRECK,737,32
931,Cambio de la cuchara del Scoop,421,32
932,Cambio de alternador,526,32
933,Cambio de colector electrico,78,32
934,Estructura de Equipos Trackless,64,32
935,TRASLADO DE TABLERO CELDA O MINI BRECK,422,32
936,Cambio de labio de cuchara del Scoop,283,32
937,Cambio de labio de cuchara del Scoop,964,32
938,DESENERGIZACIoN Y ENERGIZACIoN DE TABLEROS ELeCTRICOS,423,32
939,Cambio de arrancador,82,32
940,materiales y equipos,927,32
941,Cambio de boca masa,210,32
942,Cambio de boca masa,714,32
943,Cambio de arrancador,782,32
944,Cambio de labio de cuchara del Scoop,763,32
945,Cambio de labio de cuchara del Scoop,800,32
946,MANTENIMIENTO DE ZARANDAS (Zaranda GRIZZLY TYLER 5' X 12'  ZISETEC 6' X 12'),548,33
947,Reparacion o cambio de brazos telescopicos y vigas,712,33
948,DESENERGIZACIoN Y ENERGIZACIoN DE CELDAS Y MINI BRECK,529,33
949,Sistema Electrico de Equipos trackless (Preventivo y Correctivo),130,33
950,TRASLADO DE TABLERO CELDA O MINI BRECK,917,33
951,Cambio de colector electrico,864,33
952,Cambio de rodamiento,307,33
953,Sistema Electrico de Equipos trackless (Preventivo y Correctivo),99,33
954,DESENERGIZACIoN Y ENERGIZACIoN DE CELDAS Y MINI BRECK,201,33
955,Cambio de colector electrico,491,33
956,Reparacion o cambio de brazos telescopicos y vigas,813,33
957,INSTALACIoN Y CONEXIoN DE CELDAS Y MINI BRECK,13,33
958,Cambio de labio de cuchara del Scoop,324,33
959,TRASLADO DE TABLERO CELDA O MINI BRECK,155,33
960,Suministro y traslado de herramientas,387,33
961,MANTENIMIENTO DE ZARANDAS (Zaranda GRIZZLY TYLER 5' X 12'  ZISETEC 6' X 12'),648,33
962,Sistema Electrico de Equipos trackless (Preventivo y Correctivo),952,33
963,MANTENIMIENTO DE ZARANDAS (Zaranda GRIZZLY TYLER 5' X 12'  ZISETEC 6' X 12'),761,33
964,Suministro y traslado de herramientas,663,33
965,Reparacion o cambio de brazos telescopicos y vigas,451,33
966,DESENERGIZACIoN Y ENERGIZACIoN DE TABLEROS ELeCTRICOS,656,33
967,DESENERGIZACIoN Y ENERGIZACIoN DE CELDAS Y MINI BRECK,936,34
968,Cambio de MANTLE (forros),945,34
969,DESENERGIZACIoN Y ENERGIZACIoN DE CELDAS Y MINI BRECK,700,34
970,materiales y equipos,34,34
971,Cambio de rodamiento,198,34
972,TRASLADO DE TABLERO CELDA O MINI BRECK,890,34
973,Cambio de colector electrico,552,34
974,Cambio de arrancador,836,34
975,SUMINISTRO DE ENERGiA ELeCTRICA-INSTALACIoN MANTENIMIENTO DE TABLEROS ELeCTRICOS,346,34
976,MANTENIMIENTO DE ZARANDAS (Zaranda GRIZZLY TYLER 5' X 12'  ZISETEC 6' X 12'),197,34
977,Cambio de arrancador,491,34
978,MANTENIMIENTO DE ZARANDAS (Zaranda GRIZZLY TYLER 5' X 12'  ZISETEC 6' X 12'),688,34
979,DESENERGIZACIoN Y ENERGIZACIoN DE PORTA FUSIBLES CUT OUT,593,34
980,DESENERGIZACIoN Y ENERGIZACIoN DE PORTA FUSIBLES CUT OUT,853,34
981,DESENERGIZACIoN Y ENERGIZACIoN DE CELDAS Y MINI BRECK,632,34
982,Cambio de alternador,732,34
983,DESENERGIZACIoN Y ENERGIZACIoN DE TABLEROS ELeCTRICOS,153,34
984,Cambio de la cuchara del Scoop,656,35
985,DESENERGIZACIoN Y ENERGIZACIoN DE TABLEROS ELeCTRICOS,425,35
986,TRASLADO DE TABLERO CELDA O MINI BRECK,616,35
987,Cambio de labio de cuchara del Scoop,678,35
988,DESENERGIZACIoN Y ENERGIZACIoN DE PORTA FUSIBLES CUT OUT,776,35
989,Sistema Electrico de Equipos trackless (Preventivo y Correctivo),661,35
990,materiales y equipos,436,35
991,materiales y equipos,538,35
992,materiales y equipos,998,35
993,Cambio de rodamiento,693,35
994,Cambio de labio de cuchara del Scoop,712,35
995,materiales y equipos,450,35
996,Cambio de arrancador,736,35
997,materiales y equipos,529,35
998,Cambio de rodamiento,39,35
999,Cambio de la cuchara del Scoop,191,35
1000,Cambio de rodamiento,499,35
