id_notificacion,Asunto,mensaje,fecha_notificacion,id_remitente,id_destinatario,Id_registro,Id_reporte,id_tipo
1,Error en la dirección de envío,¿Has recibido la confirmación de la reserva para la conferencia que vamos a asistir?,01/01/2024,160,192,759,,1
2,Error al guardar los cambios,¿Has completado la revisión de los documentos que te envié la semana pasada?,02/01/2024,16,130,108,,1
3,Problema con la reserva del vuelo,¿Has revisado el informe de progreso que te envié por correo?,03/01/2024,169,106,794,,1
4,Error al guardar los cambios,¿Has revisado el informe de progreso que te envié por correo?,04/01/2024,16,53,241,,1
5,Problema con la entrega del pedido,¿Qué te parece si revisamos juntos el plan de acción?,05/01/2024,139,132,801,,1
6,Error en la instalación del programa,¿Has recibido la confirmación de la reserva para la conferencia que vamos a asistir?,06/01/2024,3,19,140,,1
7,Error en la dirección de envío,¿Has revisado la presentación que preparé para la reunión de mañana?,07/01/2024,105,129,152,,1
8,Error en la edición de la hoja de cálculo,¿Has revisado la presentación que preparé para la reunión de mañana?,08/01/2024,35,247,502,,1
9,Error en la traducción del texto,¿Podemos programar una reunión para revisar los resultados del proyecto?,09/01/2024,82,10,406,,1
10,Problema con la entrega del pedido,¿Qué opinas de la estrategia de marketing que estamos implementando?,10/01/2024,35,199,740,,1
11,Problema con la impresión del documento,confirma si estás de acuerdo con la fecha y hora de la reunión,11/01/2024,136,40,37,,1
12,Problema con la configuración de la cuenta,confirma si estás de acuerdo con la fecha y hora de la reunión,12/01/2024,73,101,12,,1
13,Fallo en la carga de la imagen,¿Qué opinas de la propuesta de mejora que discutimos en la última reunión?,13/01/2024,299,296,850,,1
14,Error al abrir el archivo adjunto,¿Podemos discutir los cambios que sugieres en el documento?,14/01/2024,152,59,60,,1
15,Fallo en la sincronización de correos,¿Qué te parece si nos reunimos para discutir las estrategias de comunicación?,15/01/2024,285,126,758,,1
16,Error en la instalación del programa,¿Has terminado el informe que te pedí?,16/01/2024,182,272,693,,1
17,Error en la página web,¿Podemos discutir los detalles del proyecto mañana?,17/01/2024,111,77,202,,1
18,Problema con la entrega del pedido,Por favor,18/01/2024,16,263,676,,1
19,Fallo en la descarga del archivo,confirma si estás de acuerdo con el plan de acción propuesto,19/01/2024,75,104,815,,1
20,Problema con la configuración de la cuenta,¿Podemos programar una reunión para analizar los resultados de la encuesta?,20/01/2024,40,10,207,,1
21,Problema con la visualización del contenido,¿Podrías enviarme tus comentarios sobre el borrador del informe?,21/01/2024,92,135,187,,1
22,Problema con la conexión a internet,confirma tu disponibilidad para la llamada de seguimiento,22/01/2024,103,264,777,,1
23,Problema con la reserva del vuelo,confirma si estás de acuerdo con el plan de acción propuesto,23/01/2024,148,176,458,,1
24,Problema con la reserva del vuelo,¿Podemos discutir los cambios que sugieres en el documento?,24/01/2024,17,231,97,,1
25,Error en la reserva del hotel,¿Podrías enviarme tus comentarios sobre el plan de marketing que elaboramos?,25/01/2024,88,163,560,,1
26,Error al abrir el archivo adjunto,¿Podemos programar una reunión para analizar los resultados de la encuesta?,26/01/2024,33,213,359,,1
27,Problema con la sincronización de calendario,¿Podemos programar una reunión para revisar el calendario de actividades?,27/01/2024,148,98,298,,1
28,Problema con la contraseña,¿Qué te parece si nos reunimos para discutir los resultados del estudio?,28/01/2024,102,86,430,,1
29,Problema con la conexión a internet,¿Podemos discutir los detalles del proyecto mañana?,29/01/2024,282,246,919,,1
30,Error al guardar los cambios,¿Podemos coordinar una llamada para analizar los datos del informe?,30/01/2024,31,198,707,,1
31,Error al abrir el archivo adjunto,¿Qué te parece si nos reunimos para discutir las estrategias de fidelización?,31/01/2024,216,110,515,,1
32,Fallo en la carga de la imagen,¿Qué opinas de la propuesta de mejora que discutimos en la última reunión?,01/02/2024,114,56,687,,1
33,Problema con la contraseña,¿Qué te parece si nos reunimos para planificar la estrategia de lanzamiento?,02/02/2024,194,44,498,,1
34,Fallo en la actualización del software,¿Has enviado la información solicitada para la auditoría que estamos preparando?,03/02/2024,76,143,759,,1
35,Problema con la suscripción al servicio,¿Podemos coordinar una llamada para revisar los detalles logísticos del evento virtual?,04/02/2024,35,30,863,,1
36,Fallo en la actualización de la aplicación,¿Qué opinas de la propuesta de colaboración que te presenté?,05/02/2024,102,273,768,,1
37,Problema con la reproducción del video,¿Qué te parece si nos reunimos para discutir los próximos pasos?,06/02/2024,171,189,679,,1
38,Problema con la reserva del vuelo,¿Qué te parece si nos reunimos para hablar de la estrategia?,07/02/2024,241,62,109,,1
39,Fallo en la descarga del archivo,¿Has completado la revisión de los documentos que te envié la semana pasada?,08/02/2024,295,48,952,,1
40,Problema con la reproducción del video,¿Podemos coordinar una llamada para analizar los datos del informe?,09/02/2024,208,185,517,,1
41,Fallo en la carga de la imagen,¿Podrías enviarme tus sugerencias para optimizar el proceso de producción?,10/02/2024,296,12,151,,1
42,Fallo en la descarga del archivo,¿Qué te parece si nos reunimos para discutir las estrategias de fidelización?,11/02/2024,291,86,579,,1
43,Problema con la sincronización de calendario,¿Podrías enviarme tus comentarios sobre el borrador del informe?,12/02/2024,169,175,726,,1
44,Error al enviar el mensaje,¿Podemos programar una reunión para revisar el plan de formación del equipo?,13/02/2024,17,173,933,,1
45,Fallo en la sincronización de correos,¿Podemos coordinar una llamada para revisar los detalles logísticos del evento virtual?,14/02/2024,115,31,80,,1
46,Problema con la contraseña,¿Has recibido la confirmación de la reunión que programamos para mañana?,15/02/2024,268,232,953,,1
47,Fallo en la sincronización de correos,¿Podemos programar una reunión para analizar los resultados de la encuesta?,16/02/2024,191,194,591,,1
48,Fallo en la actualización del software,¿Podrías enviarme tus comentarios sobre el plan de marketing que elaboramos?,17/02/2024,290,141,554,,1
49,Fallo en la descarga del archivo,¿Puedes enviarme los datos actualizados para el informe mensual?,18/02/2024,260,191,407,,1
50,Fallo en la sincronización de correos,¿Has completado la revisión de los documentos que te envié la semana pasada?,19/02/2024,221,239,705,,1
51,Fallo en la actualización del software,¿Qué opinas de la estrategia que estamos siguiendo?,20/02/2024,75,295,273,,1
52,Problema con la configuración de la cuenta,¿Qué te parece si nos reunimos para discutir las estrategias de comunicación?,21/02/2024,63,1,97,,1
53,Error en la traducción del texto,¿Podemos programar una reunión para evaluar el desempeño del equipo?,22/02/2024,41,34,300,,1
54,Fallo en la carga de la imagen,¿Podrías enviarme tus comentarios sobre el informe de sostenibilidad que elaboramos?,23/02/2024,85,284,988,,1
55,Problema con la conexión a internet,confirma si estás de acuerdo con el enfoque que propuse,24/02/2024,203,144,228,,1
56,Problema con la entrega del pedido,¿Has revisado el informe de progreso que te envié por correo?,25/02/2024,164,199,440,,1
57,Problema con la entrega del pedido,confirma si estás de acuerdo con la fecha y hora de la reunión,26/02/2024,90,121,61,,1
58,Problema con la conexión a internet,¿Podemos discutir los cambios que sugieres en el documento?,27/02/2024,245,201,138,,1
59,Error en la reserva del hotel,¿Has recibido mis correos sobre el proyecto?,28/02/2024,96,152,159,,1
60,Fallo en la sincronización de correos,¿Qué te parece si nos reunimos para discutir las estrategias de fidelización?,29/02/2024,286,88,969,,1
61,Error en la reserva del hotel,¿Has enviado la información solicitada para la auditoría que estamos preparando?,01/03/2024,99,108,139,,1
62,Error en la página web,¿Podemos programar una reunión para revisar el calendario de actividades?,02/03/2024,249,117,535,,1
63,Problema con la conexión a internet,¿Podemos coordinar una llamada para revisar los detalles logísticos del evento virtual?,03/03/2024,160,59,298,,1
64,Problema con la entrega del pedido,¿Has completado la revisión de los documentos que te envié la semana pasada?,04/03/2024,72,135,941,,1
65,Error al enviar el mensaje,¿Qué opinas de la idea que propuse en la última reunión?,05/03/2024,99,3,11,,1
66,Problema con la suscripción al servicio,¿Qué te parece si nos reunimos para discutir las estrategias de comunicación?,06/03/2024,251,23,953,,1
67,Problema con la conexión a internet,confirma si puedes asistir a la reunión de mañana,07/03/2024,291,297,715,,1
68,Problema con la reserva del vuelo,¿Podrías enviarme tus comentarios sobre el informe de sostenibilidad que elaboramos?,08/03/2024,295,131,773,,1
69,Fallo en la copia de seguridad,Por favor,09/03/2024,30,256,813,,1
70,Problema con la conexión a internet,¿Has recibido la información que te envié por correo?,10/03/2024,11,241,803,,1
71,Problema con la reproducción del video,¿Podemos programar una reunión para analizar los resultados de la encuesta?,11/03/2024,237,207,190,,1
72,Fallo en la carga de la imagen,¿Qué te parece si nos reunimos para discutir las estrategias de comunicación?,12/03/2024,274,218,557,,1
73,Fallo en la carga de la página,Por favor,13/03/2024,163,238,730,,1
74,Error en la reserva del hotel,¿Podemos coordinar una llamada para revisar los detalles logísticos del evento virtual?,14/03/2024,285,298,192,,1
75,Error al enviar el mensaje,¿Podemos coordinar una llamada para discutir el presupuesto?,15/03/2024,49,262,414,,1
76,Error en la reserva del hotel,¿Podemos coordinar una llamada para analizar los datos del informe?,16/03/2024,133,103,924,,1
77,Fallo en la carga de la imagen,¿Podemos programar una reunión para analizar los resultados de la encuesta?,17/03/2024,257,189,368,,1
78,Fallo en la copia de seguridad,¿Podemos coordinar una llamada para revisar los detalles logísticos del evento virtual?,18/03/2024,43,197,4,,1
79,Problema con la visualización del contenido,Necesito tu opinión sobre la propuesta que estoy preparando,19/03/2024,228,231,321,,1
80,Fallo en la copia de seguridad,¿Has recibido la información que te envié por correo?,20/03/2024,223,205,100,,1
81,Problema con la reproducción del video,¿Has recibido la información que te envié por correo?,21/03/2024,225,106,286,,1
82,Problema con la visualización del contenido,confirma si estás de acuerdo con la fecha y hora de la reunión,22/03/2024,1,21,706,,1
83,Problema con la suscripción al servicio,¿Qué opinas de la estrategia que estamos siguiendo?,23/03/2024,177,83,144,,1
84,Problema con la visualización del contenido,¿Podemos reunirnos para hablar de los objetivos del trimestre?,24/03/2024,115,47,435,,1
85,Error al guardar los cambios,¿Podemos programar una reunión para revisar el plan de formación del equipo?,25/03/2024,252,217,111,,1
86,Error en la traducción del texto,confirma si estás de acuerdo con la fecha y hora de la reunión,26/03/2024,53,226,759,,1
87,Problema con la suscripción al servicio,¿Has recibido la confirmación de la reserva para la conferencia que vamos a asistir?,27/03/2024,82,245,836,,1
88,Fallo en la sincronización de datos,confirma si estás de acuerdo con la fecha y hora de la reunión,28/03/2024,247,149,678,,1
89,Error al procesar el pago,¿Podemos reunirnos para hablar de los objetivos del trimestre?,29/03/2024,84,268,415,,1
90,Error en la página web,¿Has recibido la información que te envié por correo?,30/03/2024,203,69,780,,1
91,Error en la dirección de envío,confirma si puedes asistir a la reunión de presentación de resultados,31/03/2024,184,300,428,,1
92,Error en la dirección de envío,¿Has recibido la confirmación de la reserva para la conferencia que vamos a asistir?,01/04/2024,275,153,389,,1
93,Fallo en la actualización del software,¿Podemos programar una llamada para aclarar dudas sobre el proyecto?,02/04/2024,89,219,643,,1
94,Problema con la reproducción del video,Por favor,03/04/2024,209,147,779,,1
95,Error en la instalación del programa,¿Qué te parece si nos reunimos para hablar de la estrategia?,04/04/2024,144,145,353,,1
96,Problema con la impresión del documento,confirma si estás de acuerdo con el enfoque que propuse,05/04/2024,4,140,832,,1
97,Error al procesar el pago,¿Qué te parece si nos reunimos para hablar de la estrategia?,06/04/2024,260,272,442,,1
98,Error en la dirección de envío,Por favor,07/04/2024,201,104,972,,1
99,Error al enviar el mensaje,Por favor,08/04/2024,233,205,86,,1
100,Error al abrir el archivo adjunto,¿Has recibido la confirmación de la reserva para la conferencia que vamos a asistir?,09/04/2024,190,217,88,,1
101,Fallo en la copia de seguridad,¿Has enviado la documentación necesaria para el proyecto que estamos gestionando?,10/04/2024,89,209,756,,1
102,Error al guardar los cambios,¿Qué opinas de la propuesta de expansión que te presenté la semana pasada?,11/04/2024,111,200,33,,1
103,Error en la traducción del texto,¿Has completado la tarea que te asigné la semana pasada?,12/04/2024,163,204,188,,1
104,Error en la reserva del hotel,¿Qué opinas de la idea que propuse en la última reunión?,13/04/2024,29,13,398,,1
105,Fallo en la actualización de la aplicación,¿Qué te parece si nos reunimos para discutir los próximos pasos?,14/04/2024,219,297,979,,1
106,Fallo en la carga de la imagen,¿Has recibido la confirmación de la reunión que programamos para mañana?,15/04/2024,113,1,336,,1
107,Fallo en la sincronización de correos,confirma si estás de acuerdo con el enfoque que propuse,16/04/2024,248,168,349,,1
108,Error en la reserva del hotel,Por favor,17/04/2024,2,41,942,,1
109,Fallo en la carga de la imagen,¿Podemos coordinar una llamada para resolver las dudas pendientes?,18/04/2024,129,136,241,,1
110,Fallo en la sincronización de correos,¿Qué te parece si nos reunimos para discutir las estrategias de fidelización?,19/04/2024,247,259,314,,1
111,Error en la dirección de envío,Por favor,20/04/2024,257,82,860,,1
112,Fallo en la carga de la página,¿Podrías enviarme tus comentarios sobre el informe de sostenibilidad que elaboramos?,21/04/2024,71,97,129,,1
113,Fallo en la sincronización de correos,¿Qué opinas de la propuesta de colaboración que te presenté?,22/04/2024,159,25,273,,1
114,Error al enviar el mensaje,¿Qué opinas de la idea que propuse en la última reunión?,23/04/2024,98,300,232,,1
115,Fallo en la actualización de la aplicación,confirma si estás de acuerdo con el plan de acción propuesto,24/04/2024,157,196,526,,1
116,Problema con la contraseña,¿Podemos programar una reunión para revisar el plan de formación del equipo?,25/04/2024,105,194,841,,1
117,Problema con la contraseña,¿Podrías enviarme tus comentarios sobre el informe de sostenibilidad que elaboramos?,26/04/2024,185,300,914,,1
118,Problema con la entrega del pedido,confirma si puedes asistir a la reunión de presentación de resultados,27/04/2024,149,279,624,,1
119,Fallo en la actualización de la aplicación,confirma si estás de acuerdo con la fecha y hora de la reunión,28/04/2024,114,37,480,,1
120,Problema con la configuración de la cuenta,¿Podrías enviarme tus sugerencias para mejorar el proceso de trabajo?,29/04/2024,252,1,124,,1
121,Problema con la reserva del vuelo,Por favor,30/04/2024,27,272,115,,1
122,Problema con la entrega del pedido,¿Has recibido la confirmación de la reunión que programamos para mañana?,01/05/2024,218,109,389,,1
123,Fallo en la carga de la página,¿Has revisado la presentación que preparé para la reunión de mañana?,02/05/2024,168,245,395,,1
124,Error al procesar el pago,¿Has enviado la información solicitada al cliente?,03/05/2024,144,95,399,,1
125,Error al abrir el archivo adjunto,¿Qué te parece si nos reunimos para discutir las estrategias de fidelización?,04/05/2024,20,223,286,,1
126,Fallo en la actualización de la aplicación,confirma si estás de acuerdo con la fecha y hora de la reunión,05/05/2024,282,233,260,,1
127,Error en la página web,¿Qué te parece si nos reunimos para discutir los próximos pasos?,06/05/2024,133,198,975,,1
128,Problema con la sincronización de calendario,confirma si puedes asistir a la reunión de presentación de resultados,07/05/2024,289,177,27,,1
129,Problema con la entrega del pedido,Por favor,08/05/2024,100,1,501,,1
130,Error en la instalación del programa,Por favor,09/05/2024,86,75,197,,1
131,Problema con la contraseña,¿Qué te parece si nos reunimos para discutir los próximos pasos?,10/05/2024,124,190,904,,1
132,Problema con la sincronización de calendario,¿Qué opinas de la idea que propuse en la última reunión?,11/05/2024,146,168,,37,1
133,Error al procesar el pago,¿Has completado la revisión de los documentos que te envié la semana pasada?,12/05/2024,62,137,,8,1
134,Fallo en la sincronización de datos,confirma si puedes asistir a la reunión de presentación de resultados,13/05/2024,253,242,,54,1
135,Error en la página web,¿Qué opinas de la propuesta de mejora que discutimos en la última reunión?,14/05/2024,82,73,,66,1
136,Fallo en la descarga del archivo,Por favor,15/05/2024,266,238,,56,1
137,Fallo en la carga de la página,¿Has revisado la presentación que preparé para la reunión de mañana?,16/05/2024,9,12,,47,1
138,Problema con la suscripción al servicio,¿Podrías enviarme tus comentarios sobre el plan de marketing que elaboramos?,17/05/2024,238,233,,34,1
139,Error al procesar el pago,¿Podemos discutir los detalles del proyecto mañana?,18/05/2024,11,55,,68,1
140,Problema con la sincronización de calendario,¿Qué opinas de la propuesta de colaboración que te presenté?,19/05/2024,291,164,,34,1
141,Fallo en la sincronización de datos,Por favor,20/05/2024,232,208,,67,1
142,Fallo en la actualización del software,¿Podemos coordinar una llamada para discutir los cambios en el plan de negocio?,21/05/2024,17,153,,43,1
143,Error al guardar los cambios,¿Podrías enviarme tus sugerencias para mejorar el proceso de trabajo?,22/05/2024,158,273,,81,1
144,Error en la reserva del hotel,¿Podrías enviarme tus comentarios sobre el informe de sostenibilidad que elaboramos?,23/05/2024,187,110,,90,1
145,Problema con la sincronización de calendario,¿Podemos programar una reunión para revisar el plan de formación del equipo?,24/05/2024,41,239,,41,1
146,Fallo en la sincronización de correos,¿Has recibido la confirmación de la reserva para la conferencia que vamos a asistir?,25/05/2024,90,216,,3,1
147,Problema con la reproducción del video,¿Podrías enviarme tus comentarios sobre el informe de sostenibilidad que elaboramos?,26/05/2024,144,24,,63,1
148,Fallo en la carga de la página,¿Has revisado el informe de progreso que te envié por correo?,27/05/2024,287,141,,23,1
149,Error en la facturación,¿Qué opinas de la estrategia que estamos siguiendo?,28/05/2024,69,287,,63,1
150,Error en la instalación del programa,confirma si puedes asistir a la reunión de mañana,29/05/2024,28,157,,1,1
151,Error en la dirección de envío,¿Podemos programar una llamada para aclarar dudas sobre el proyecto?,30/05/2024,105,9,,83,1
152,Error al guardar los cambios,¿Podrías enviarme tus sugerencias para optimizar el proceso de producción?,31/05/2024,218,271,,21,1
153,Problema con la reserva del vuelo,¿Podemos coordinar una llamada para discutir los cambios en el plan de negocio?,01/06/2024,222,149,,70,1
154,Error al guardar los cambios,confirma si puedes asistir a la reunión de presentación de resultados,02/06/2024,66,80,,30,1
155,Problema con la entrega del pedido,¿Qué opinas de la estrategia de marketing que estamos implementando?,03/06/2024,232,179,,71,1
156,Error en la instalación del programa,¿Podrías revisar la presentación antes de la reunión?,04/06/2024,177,143,,98,1
157,Error en la dirección de envío,¿Podemos coordinar una llamada para analizar los datos del informe?,05/06/2024,194,108,,18,1
158,Error en la edición de la hoja de cálculo,¿Podemos discutir los cambios que sugieres en el documento?,06/06/2024,95,196,,30,1
159,Error en la traducción del texto,¿Qué te parece si nos reunimos para planificar la estrategia de lanzamiento?,07/06/2024,193,69,,96,1
160,Problema con la entrega del pedido,¿Qué te parece si nos reunimos para discutir los resultados del estudio?,08/06/2024,191,299,,48,1
161,Problema con la impresión del documento,¿Podemos discutir los detalles del proyecto mañana?,09/06/2024,114,221,,27,1
162,Problema con la configuración de la cuenta,¿Podrías revisar la presentación antes de la reunión?,10/06/2024,43,261,,15,1
163,Fallo en la carga de la imagen,¿Podemos coordinar una llamada para revisar los detalles logísticos del evento virtual?,11/06/2024,128,160,,85,1
164,Error al abrir el archivo adjunto,¿Puedes enviarme los datos actualizados para el informe mensual?,12/06/2024,213,168,,70,1
165,Fallo en la sincronización de correos,¿Podrías enviarme los detalles del evento que estamos organizando?,13/06/2024,140,282,,28,1
166,Error en la instalación del programa,¿Qué te parece si nos reunimos para planificar la estrategia de lanzamiento?,14/06/2024,29,223,,98,1
167,Error en la página web,¿Podemos programar una reunión para revisar el plan de formación del equipo?,15/06/2024,203,19,,18,1
168,Problema con la entrega del pedido,¿Podemos programar una llamada para aclarar dudas sobre el proyecto?,16/06/2024,168,185,,40,1
169,Fallo en la descarga del archivo,confirma si puedes asistir a la reunión de mañana,17/06/2024,283,45,,24,1
170,Problema con la configuración de la cuenta,¿Podemos programar una reunión para revisar el calendario de actividades?,18/06/2024,25,19,,56,1
171,Problema con la visualización del contenido,¿Has completado la revisión de los documentos que te envié la semana pasada?,19/06/2024,95,75,,74,1
172,Problema con la conexión a internet,¿Qué opinas de la propuesta de colaboración que te presenté?,20/06/2024,289,238,,82,1
173,Problema con la reserva del vuelo,¿Has completado la revisión de los documentos que te envié la semana pasada?,21/06/2024,163,50,,9,1
174,Problema con la reserva del vuelo,Por favor,22/06/2024,238,131,,45,1
175,Error en la reserva del hotel,¿Qué te parece si revisamos juntos el plan de acción?,23/06/2024,18,252,,31,1
176,Error al abrir el archivo adjunto,¿Has recibido la información que te envié por correo?,24/06/2024,126,261,,53,1
177,Problema con la sincronización de calendario,confirma si puedes asistir a la reunión de mañana,25/06/2024,243,40,,5,1
178,Problema con la contraseña,¿Podemos discutir los detalles del proyecto mañana?,26/06/2024,119,300,,80,1
179,Problema con la conexión a internet,¿Podemos discutir los detalles del proyecto mañana?,27/06/2024,52,30,,6,1
180,Error al guardar los cambios,¿Qué te parece si nos reunimos para discutir los resultados del estudio?,28/06/2024,287,286,,57,1
181,Error al abrir el archivo adjunto,¿Podrías enviarme los detalles del evento que estamos organizando?,29/06/2024,64,88,,5,1
182,Fallo en la carga de la imagen,¿Podrías enviarme tus comentarios sobre el borrador del informe?,30/06/2024,128,222,,33,1
183,Problema con la contraseña,¿Has recibido la confirmación de la reserva para la conferencia que vamos a asistir?,01/07/2024,84,204,,14,1
184,Fallo en la actualización del software,¿Has completado la revisión de los documentos que te envié la semana pasada?,02/07/2024,253,107,,43,1
185,Problema con la suscripción al servicio,¿Has revisado el informe de progreso que te envié por correo?,03/07/2024,183,1,,22,1
186,Fallo en la actualización de la aplicación,¿Has revisado el informe de progreso que te envié por correo?,04/07/2024,292,133,,97,1
187,Problema con la reproducción del video,¿Qué te parece si revisamos juntos el plan de acción?,05/07/2024,108,81,,34,1
188,Problema con la reserva del vuelo,¿Has recibido la confirmación de la reserva para la conferencia que vamos a asistir?,06/07/2024,127,33,,18,1
189,Fallo en la descarga del archivo,¿Has revisado la presentación que preparé para la reunión de mañana?,07/07/2024,105,134,,100,1
190,Problema con la reproducción del video,¿Has revisado la presentación que preparé para la reunión de mañana?,08/07/2024,163,150,,83,1
191,Fallo en la carga de la imagen,¿Podemos programar una reunión para revisar los resultados del proyecto?,09/07/2024,284,247,,23,1
192,Fallo en la descarga del archivo,¿Qué opinas de la estrategia de marketing que estamos implementando?,10/07/2024,149,292,,89,1
193,Problema con la sincronización de calendario,confirma si estás de acuerdo con la fecha y hora de la reunión,11/07/2024,2,63,,24,1
194,Error al enviar el mensaje,confirma si estás de acuerdo con la fecha y hora de la reunión,12/07/2024,187,24,,66,1
195,Fallo en la sincronización de correos,¿Qué opinas de la propuesta de mejora que discutimos en la última reunión?,13/07/2024,297,23,,47,1
196,Problema con la contraseña,¿Podemos discutir los cambios que sugieres en el documento?,14/07/2024,287,50,,83,1
197,Fallo en la sincronización de correos,¿Qué te parece si nos reunimos para discutir las estrategias de comunicación?,15/07/2024,279,131,,47,1
198,Fallo en la actualización del software,¿Has terminado el informe que te pedí?,16/07/2024,46,114,,9,1
199,Fallo en la descarga del archivo,¿Podemos discutir los detalles del proyecto mañana?,17/07/2024,52,110,,72,1
200,Fallo en la sincronización de correos,Por favor,18/07/2024,23,178,,88,1
201,Fallo en la actualización del software,confirma si estás de acuerdo con el plan de acción propuesto,19/07/2024,67,252,,49,1
202,Problema con la configuración de la cuenta,¿Podemos programar una reunión para analizar los resultados de la encuesta?,20/07/2024,115,276,,73,1
203,Error en la traducción del texto,¿Podrías enviarme tus comentarios sobre el borrador del informe?,21/07/2024,114,10,,47,1
204,Fallo en la carga de la imagen,confirma tu disponibilidad para la llamada de seguimiento,22/07/2024,167,4,,64,1
205,Problema con la conexión a internet,confirma si estás de acuerdo con el plan de acción propuesto,23/07/2024,154,116,,89,1
206,Problema con la entrega del pedido,¿Podemos discutir los cambios que sugieres en el documento?,24/07/2024,72,215,,88,1
207,Problema con la entrega del pedido,¿Podrías enviarme tus comentarios sobre el plan de marketing que elaboramos?,25/07/2024,292,238,,70,1
208,Problema con la conexión a internet,¿Podemos programar una reunión para analizar los resultados de la encuesta?,26/07/2024,58,261,,69,1
209,Error en la reserva del hotel,¿Podemos programar una reunión para revisar el calendario de actividades?,27/07/2024,191,153,,66,1
210,Fallo en la sincronización de correos,¿Qué te parece si nos reunimos para discutir los resultados del estudio?,28/07/2024,119,29,,11,1
211,Error en la reserva del hotel,¿Podemos discutir los detalles del proyecto mañana?,29/07/2024,91,25,,87,1
212,Error en la página web,¿Podemos coordinar una llamada para analizar los datos del informe?,30/07/2024,2,200,,58,1
213,Problema con la conexión a internet,¿Qué te parece si nos reunimos para discutir las estrategias de fidelización?,31/07/2024,68,132,,29,1
214,Problema con la entrega del pedido,¿Qué opinas de la propuesta de mejora que discutimos en la última reunión?,01/08/2024,151,188,,28,1
215,Error al enviar el mensaje,¿Qué te parece si nos reunimos para planificar la estrategia de lanzamiento?,02/08/2024,106,49,,5,1
216,Problema con la suscripción al servicio,¿Has enviado la información solicitada para la auditoría que estamos preparando?,03/08/2024,73,97,,48,1
217,Problema con la conexión a internet,¿Podemos coordinar una llamada para revisar los detalles logísticos del evento virtual?,04/08/2024,179,238,,11,1
218,Problema con la reserva del vuelo,¿Qué opinas de la propuesta de colaboración que te presenté?,05/08/2024,258,299,,7,1
219,Fallo en la copia de seguridad,¿Qué te parece si nos reunimos para discutir los próximos pasos?,06/08/2024,222,63,,5,1
220,Problema con la conexión a internet,¿Qué te parece si nos reunimos para hablar de la estrategia?,07/08/2024,154,1,,19,1
221,Problema con la reproducción del video,¿Has completado la revisión de los documentos que te envié la semana pasada?,08/08/2024,241,91,,2,1
222,Fallo en la carga de la imagen,¿Podemos coordinar una llamada para analizar los datos del informe?,09/08/2024,206,293,,43,1
223,Fallo en la carga de la página,¿Podrías enviarme tus sugerencias para optimizar el proceso de producción?,10/08/2024,51,112,,8,1
224,Error en la reserva del hotel,¿Qué te parece si nos reunimos para discutir las estrategias de fidelización?,11/08/2024,278,102,,48,1
225,Error al enviar el mensaje,¿Podrías enviarme tus comentarios sobre el borrador del informe?,12/08/2024,267,41,,95,1
226,Error en la reserva del hotel,¿Podemos programar una reunión para revisar el plan de formación del equipo?,13/08/2024,216,187,,6,1
227,Fallo en la carga de la imagen,¿Podemos coordinar una llamada para revisar los detalles logísticos del evento virtual?,14/08/2024,236,111,,52,1
228,Fallo en la copia de seguridad,¿Has recibido la confirmación de la reunión que programamos para mañana?,15/08/2024,59,163,,28,1
229,Problema con la visualización del contenido,¿Podemos programar una reunión para analizar los resultados de la encuesta?,16/08/2024,191,130,,86,1
230,Fallo en la copia de seguridad,¿Podrías enviarme tus comentarios sobre el plan de marketing que elaboramos?,17/08/2024,3,282,,21,1
231,Problema con la reproducción del video,¿Puedes enviarme los datos actualizados para el informe mensual?,18/08/2024,136,99,,90,1
232,Problema con la visualización del contenido,¿Has completado la revisión de los documentos que te envié la semana pasada?,19/08/2024,259,3,,70,1
233,Problema con la suscripción al servicio,¿Qué opinas de la estrategia que estamos siguiendo?,20/08/2024,287,47,,88,1
234,Problema con la visualización del contenido,¿Qué te parece si nos reunimos para discutir las estrategias de comunicación?,21/08/2024,48,27,,98,1
235,Error al guardar los cambios,¿Podemos programar una reunión para evaluar el desempeño del equipo?,22/08/2024,32,102,,84,1
236,Error en la traducción del texto,¿Podrías enviarme tus comentarios sobre el informe de sostenibilidad que elaboramos?,23/08/2024,177,8,,19,1
237,Problema con la suscripción al servicio,confirma si estás de acuerdo con el enfoque que propuse,24/08/2024,110,144,,74,1
238,Fallo en la sincronización de datos,¿Has revisado el informe de progreso que te envié por correo?,25/08/2024,285,108,,43,1
239,Error al procesar el pago,confirma si estás de acuerdo con la fecha y hora de la reunión,26/08/2024,224,83,,20,1
240,Error en la página web,¿Podemos discutir los cambios que sugieres en el documento?,27/08/2024,95,200,,70,1
241,Error en la dirección de envío,¿Has recibido mis correos sobre el proyecto?,28/08/2024,93,245,,35,1
242,Error en la dirección de envío,¿Qué te parece si nos reunimos para discutir las estrategias de fidelización?,29/08/2024,152,84,,24,1
243,Fallo en la actualización del software,¿Has enviado la información solicitada para la auditoría que estamos preparando?,30/08/2024,144,229,,1,1
244,Problema con la reproducción del video,¿Podemos programar una reunión para revisar el calendario de actividades?,31/08/2024,82,271,,91,1
245,Error en la instalación del programa,¿Podemos coordinar una llamada para revisar los detalles logísticos del evento virtual?,01/09/2024,166,271,,26,1
246,Problema con la impresión del documento,¿Has completado la revisión de los documentos que te envié la semana pasada?,02/09/2024,128,41,,58,1
247,Error al procesar el pago,¿Qué opinas de la idea que propuse en la última reunión?,03/09/2024,277,56,,18,1
248,Error en la dirección de envío,¿Qué te parece si nos reunimos para discutir las estrategias de comunicación?,04/09/2024,151,265,,7,1
249,Error al enviar el mensaje,confirma si puedes asistir a la reunión de mañana,05/09/2024,105,226,,42,1
250,Error al abrir el archivo adjunto,¿Podrías enviarme tus comentarios sobre el informe de sostenibilidad que elaboramos?,06/09/2024,37,259,,22,1
251,Fallo en la copia de seguridad,Por favor,07/09/2024,230,271,,25,1
252,Error al guardar los cambios,¿Has recibido la información que te envié por correo?,08/09/2024,87,145,,35,1
253,Error en la traducción del texto,¿Podemos programar una reunión para analizar los resultados de la encuesta?,09/09/2024,175,8,,91,1
254,Error en la reserva del hotel,¿Qué te parece si nos reunimos para discutir las estrategias de comunicación?,10/09/2024,178,236,,20,1
255,Fallo en la actualización de la aplicación,Por favor,11/09/2024,13,189,,37,1
256,Fallo en la carga de la imagen,¿Podemos coordinar una llamada para revisar los detalles logísticos del evento virtual?,12/09/2024,98,116,,91,1
257,Fallo en la sincronización de correos,¿Podemos coordinar una llamada para discutir el presupuesto?,13/09/2024,278,244,,29,1
258,Error en la reserva del hotel,¿Podemos coordinar una llamada para analizar los datos del informe?,14/09/2024,66,246,,11,1
259,Fallo en la carga de la imagen,¿Podemos programar una reunión para analizar los resultados de la encuesta?,15/09/2024,25,223,,85,1
260,Fallo en la sincronización de correos,¿Podemos coordinar una llamada para revisar los detalles logísticos del evento virtual?,16/09/2024,55,190,,60,1
261,Error en la dirección de envío,Necesito tu opinión sobre la propuesta que estoy preparando,17/09/2024,203,242,,38,1
262,Fallo en la carga de la página,¿Has recibido la información que te envié por correo?,18/09/2024,282,134,,76,1
263,Fallo en la sincronización de correos,¿Has recibido la información que te envié por correo?,19/09/2024,220,294,,62,1
264,Error al enviar el mensaje,confirma si estás de acuerdo con la fecha y hora de la reunión,20/09/2024,238,147,,23,1
265,Fallo en la actualización de la aplicación,¿Qué opinas de la estrategia que estamos siguiendo?,21/09/2024,62,196,,10,1
266,Problema con la contraseña,¿Podemos reunirnos para hablar de los objetivos del trimestre?,22/09/2024,206,284,,30,1
267,Problema con la contraseña,¿Podemos programar una reunión para revisar el plan de formación del equipo?,23/09/2024,121,18,,69,1
268,Problema con la entrega del pedido,confirma si estás de acuerdo con la fecha y hora de la reunión,24/09/2024,256,159,,74,1
269,Fallo en la actualización de la aplicación,¿Has recibido la confirmación de la reserva para la conferencia que vamos a asistir?,25/09/2024,18,31,,35,1
270,Problema con la configuración de la cuenta,confirma si estás de acuerdo con la fecha y hora de la reunión,26/09/2024,46,49,,17,1
271,Problema con la reserva del vuelo,¿Podemos reunirnos para hablar de los objetivos del trimestre?,27/09/2024,223,40,,97,1
272,Problema con la entrega del pedido,¿Has recibido la información que te envié por correo?,28/09/2024,147,195,,28,1
273,Fallo en la carga de la página,confirma si puedes asistir a la reunión de presentación de resultados,29/09/2024,180,118,,38,1
274,Error al procesar el pago,¿Has recibido la confirmación de la reserva para la conferencia que vamos a asistir?,30/09/2024,160,233,,84,1
275,Error al abrir el archivo adjunto,¿Podemos programar una llamada para aclarar dudas sobre el proyecto?,01/10/2024,161,90,,66,1
276,Fallo en la actualización de la aplicación,Por favor,01/01/2024,277,186,,82,1
277,Error en la página web,¿Qué te parece si nos reunimos para hablar de la estrategia?,02/01/2024,235,94,,53,1
278,Problema con la sincronización de calendario,confirma si estás de acuerdo con el enfoque que propuse,03/01/2024,230,128,,22,1
279,Problema con la entrega del pedido,¿Qué te parece si nos reunimos para hablar de la estrategia?,04/01/2024,22,93,,41,1
280,Error en la instalación del programa,Por favor,05/01/2024,63,251,,13,1
281,Problema con la contraseña,Por favor,06/01/2024,120,49,,35,1
282,Problema con la sincronización de calendario,¿Has recibido la confirmación de la reserva para la conferencia que vamos a asistir?,07/01/2024,29,278,,32,1
283,Error al procesar el pago,¿Has enviado la documentación necesaria para el proyecto que estamos gestionando?,08/01/2024,208,255,,25,1
284,Fallo en la sincronización de datos,¿Qué opinas de la propuesta de expansión que te presenté la semana pasada?,09/01/2024,197,212,,22,1
285,Error en la página web,¿Has completado la tarea que te asigné la semana pasada?,10/01/2024,71,36,,98,1
286,Fallo en la descarga del archivo,¿Qué opinas de la idea que propuse en la última reunión?,11/01/2024,107,289,,54,1
287,Fallo en la carga de la página,¿Qué te parece si nos reunimos para discutir los próximos pasos?,12/01/2024,77,253,,81,1
288,Problema con la suscripción al servicio,¿Has recibido la confirmación de la reunión que programamos para mañana?,13/01/2024,216,133,,50,1
289,Error al procesar el pago,confirma si estás de acuerdo con el enfoque que propuse,14/01/2024,77,9,,84,1
290,Problema con la sincronización de calendario,Por favor,15/01/2024,219,105,,82,1
291,Fallo en la sincronización de datos,¿Podemos coordinar una llamada para resolver las dudas pendientes?,16/01/2024,57,14,,69,1
292,Fallo en la actualización del software,¿Qué te parece si nos reunimos para discutir las estrategias de fidelización?,17/01/2024,223,108,,99,1
293,Error al guardar los cambios,Por favor,18/01/2024,224,116,,82,1
294,Error en la reserva del hotel,¿Podrías enviarme tus comentarios sobre el informe de sostenibilidad que elaboramos?,19/01/2024,35,121,,39,1
295,Problema con la sincronización de calendario,¿Qué opinas de la propuesta de colaboración que te presenté?,20/01/2024,53,272,,76,1
296,Fallo en la sincronización de correos,¿Qué opinas de la idea que propuse en la última reunión?,21/01/2024,50,262,,10,1
297,Problema con la reproducción del video,confirma si estás de acuerdo con el plan de acción propuesto,22/01/2024,166,235,,6,1
298,Fallo en la carga de la página,¿Podemos programar una reunión para revisar el plan de formación del equipo?,23/01/2024,200,155,,72,1
299,Error en la facturación,¿Podrías enviarme tus comentarios sobre el informe de sostenibilidad que elaboramos?,24/01/2024,61,182,,47,1
300,Error en la instalación del programa,confirma si puedes asistir a la reunión de presentación de resultados,25/01/2024,55,52,,31,1
301,Invitación a taller de capacitación,confirma si estás de acuerdo con la fecha y hora de la reunión,26/01/2024,60,71,,,2
302,Confirmación de pago,¿Podrías enviarme tus sugerencias para mejorar el proceso de trabajo?,27/01/2024,232,237,,,2
303,Invitación a evento,Por favor,28/01/2024,84,286,,,2
304,Felicitaciones por el logro,¿Has recibido la confirmación de la reunión que programamos para mañana?,29/01/2024,267,74,,,2
305,Invitación a cena,¿Has revisado la presentación que preparé para la reunión de mañana?,30/01/2024,5,252,,,2
306,Felicitaciones por el aniversario,¿Has enviado la información solicitada al cliente?,31/01/2024,186,60,,,2
307,Solicitud de patrocinio,¿Qué te parece si nos reunimos para discutir las estrategias de fidelización?,01/02/2024,241,139,,,2
308,Feliz Año Nuevo,confirma si estás de acuerdo con la fecha y hora de la reunión,02/02/2024,89,22,,,2
309,Felicitaciones por el premio,¿Qué te parece si nos reunimos para discutir los próximos pasos?,03/02/2024,4,170,,,2
310,Confirmación de reserva de restaurante,confirma si puedes asistir a la reunión de presentación de resultados,04/02/2024,290,253,,,2
311,Invitación a presentación de producto,Por favor,05/02/2024,52,201,,,2
312,Solicitud de cancelación,Por favor,06/02/2024,113,219,,,2
313,Felicitaciones por el logro académico,¿Qué te parece si nos reunimos para discutir los próximos pasos?,07/02/2024,232,69,,,2
314,Confirmación de reserva,¿Qué opinas de la idea que propuse en la última reunión?,08/02/2024,154,179,,,2
315,Felicitaciones por el éxito,¿Has completado la revisión de los documentos que te envié la semana pasada?,09/02/2024,29,240,,,2
316,Solicitud de cambio de contraseña,confirma si puedes asistir a la reunión de presentación de resultados,10/02/2024,121,128,,,2
317,Recordatorio de reunión,¿Qué opinas de la propuesta de mejora que discutimos en la última reunión?,11/02/2024,180,299,,,2
318,Felicitaciones por el aniversario de la empresa,Por favor,12/02/2024,65,275,,,2
319,Recordatorio de fecha de lanzamiento,¿Has revisado la presentación que preparé para la reunión de mañana?,13/02/2024,33,38,,,2
320,Solicitud de cambio de método de pago,¿Podrías enviarme tus comentarios sobre el plan de marketing que elaboramos?,14/02/2024,33,153,,,2
321,Invitación a webinar,¿Podemos discutir los detalles del proyecto mañana?,15/02/2024,230,56,,,2
322,Solicitud de patrocinio para evento,¿Qué opinas de la propuesta de colaboración que te presenté?,16/02/2024,44,203,,,2
323,Invitación a taller de capacitación,Por favor,17/02/2024,143,104,,,2
324,Felicitaciones por el logro académico,¿Podemos coordinar una llamada para discutir los cambios en el plan de negocio?,18/02/2024,154,234,,,2
325,Aviso de interrupción de servicio,¿Podrías enviarme tus sugerencias para mejorar el proceso de trabajo?,19/02/2024,205,46,,,2
326,Confirmación de pedido,¿Podrías enviarme tus comentarios sobre el informe de sostenibilidad que elaboramos?,20/02/2024,38,75,,,2
327,Invitación a taller de capacitación,¿Podemos programar una reunión para revisar el plan de formación del equipo?,21/02/2024,229,159,,,2
328,Aviso de cierre temporal,¿Has recibido la confirmación de la reserva para la conferencia que vamos a asistir?,22/02/2024,181,164,,,2
329,Recordatorio de plazo de entrega,¿Podrías enviarme tus comentarios sobre el informe de sostenibilidad que elaboramos?,23/02/2024,170,18,,,2
330,Aviso importante,¿Has revisado el informe de progreso que te envié por correo?,24/02/2024,273,213,,,2
331,Recordatorio de fecha de inicio de proyecto,¿Qué opinas de la estrategia que estamos siguiendo?,25/02/2024,45,220,,,2
332,Recordatorio de cita médica,confirma si puedes asistir a la reunión de mañana,26/02/2024,140,236,,,2
333,Invitación a taller de capacitación,¿Podemos programar una llamada para aclarar dudas sobre el proyecto?,27/02/2024,209,150,,,2
334,Felicitaciones por el ascenso,¿Podrías enviarme tus sugerencias para optimizar el proceso de producción?,28/02/2024,121,300,,,2
335,Recordatorio de fecha de entrega,¿Podemos coordinar una llamada para discutir los cambios en el plan de negocio?,29/02/2024,150,204,,,2
336,Recordatorio de plazo de entrega,confirma si puedes asistir a la reunión de presentación de resultados,01/03/2024,221,275,,,2
337,Aviso importante,¿Qué opinas de la estrategia de marketing que estamos implementando?,02/03/2024,300,240,,,2
338,Invitación a fiesta,¿Podrías revisar la presentación antes de la reunión?,03/03/2024,98,44,,,2
339,Solicitud de presupuesto,¿Podemos coordinar una llamada para analizar los datos del informe?,04/03/2024,230,207,,,2
340,Confirmación de pedido,¿Podemos discutir los cambios que sugieres en el documento?,05/03/2024,286,154,,,2
341,Solicitud de devolución,¿Qué te parece si nos reunimos para planificar la estrategia de lanzamiento?,06/03/2024,270,211,,,2
342,Instrucciones para la entrega,¿Qué te parece si nos reunimos para discutir los resultados del estudio?,07/03/2024,155,172,,,2
343,Confirmación de envío,¿Podemos discutir los detalles del proyecto mañana?,08/03/2024,207,133,,,2
344,Confirmación de asistencia a evento,¿Podrías revisar la presentación antes de la reunión?,09/03/2024,148,177,,,2
345,Felicitaciones por el aniversario,¿Podemos coordinar una llamada para revisar los detalles logísticos del evento virtual?,10/03/2024,266,294,,,2
346,Felicitaciones por el logro académico,¿Puedes enviarme los datos actualizados para el informe mensual?,11/03/2024,117,122,,,2
347,Aviso de cambio de número de contacto,¿Podrías enviarme los detalles del evento que estamos organizando?,12/03/2024,4,172,,,2
348,Felicitaciones por el reconocimiento,¿Qué te parece si nos reunimos para planificar la estrategia de lanzamiento?,13/03/2024,118,238,,,2
349,Recordatorio de fecha de inicio de proyecto,¿Podemos programar una reunión para revisar el plan de formación del equipo?,14/03/2024,11,207,,,2
350,Solicitud de queja formal,¿Podemos programar una llamada para aclarar dudas sobre el proyecto?,15/03/2024,235,30,,,2
351,Feliz Año Nuevo,confirma si puedes asistir a la reunión de mañana,16/03/2024,16,19,,,2
352,Anuncio de promoción,¿Podemos programar una reunión para revisar el calendario de actividades?,17/03/2024,211,285,,,2
353,Agradecimiento por la ayuda,¿Has completado la revisión de los documentos que te envié la semana pasada?,18/03/2024,279,272,,,2
354,Invitación a evento,¿Qué opinas de la propuesta de colaboración que te presenté?,19/03/2024,257,61,,,2
355,Feliz Navidad,¿Has completado la revisión de los documentos que te envié la semana pasada?,20/03/2024,8,136,,,2
356,Invitación a seminario,Por favor,21/03/2024,73,17,,,2
357,Aviso importante,¿Qué te parece si revisamos juntos el plan de acción?,22/03/2024,93,53,,,2
358,Felicitaciones por el logro,¿Has recibido la información que te envié por correo?,23/03/2024,277,173,,,2
359,Solicitud de información adicional,confirma si puedes asistir a la reunión de mañana,24/03/2024,36,204,,,2
360,Propuesta de colaboración,¿Podemos discutir los detalles del proyecto mañana?,25/03/2024,272,38,,,2
361,Solicitud de información adicional,¿Podemos discutir los detalles del proyecto mañana?,26/03/2024,247,118,,,2
362,Felicitaciones por el reconocimiento,¿Qué te parece si nos reunimos para discutir los resultados del estudio?,27/03/2024,86,123,,,2
363,Feliz Año Nuevo,¿Podrías enviarme los detalles del evento que estamos organizando?,28/03/2024,147,80,,,2
364,Solicitud de soporte técnico,¿Podrías enviarme tus comentarios sobre el borrador del informe?,29/03/2024,58,50,,,2
365,Confirmación de participación,¿Podemos programar una reunión para analizar los resultados de la encuesta?,30/03/2024,3,92,,,2
366,Solicitud de renovación,¿Podrías enviarme tus comentarios sobre el plan de marketing que elaboramos?,31/03/2024,196,175,,,2
367,Invitación a presentación,¿Puedes enviarme los datos actualizados para el informe mensual?,01/04/2024,171,60,,,2
368,Solicitud de extensión de plazo,¿Has completado la revisión de los documentos que te envié la semana pasada?,02/04/2024,46,207,,,2
369,Invitación a cena,¿Qué opinas de la estrategia que estamos siguiendo?,03/04/2024,47,254,,,2
370,Recordatorio de fecha de inicio de proyecto,¿Qué te parece si nos reunimos para discutir las estrategias de comunicación?,04/04/2024,14,70,,,2
371,Felicitaciones por el premio,¿Podemos programar una reunión para evaluar el desempeño del equipo?,05/04/2024,17,241,,,2
372,Aviso de cierre por remodelación,¿Podrías enviarme tus comentarios sobre el informe de sostenibilidad que elaboramos?,06/04/2024,120,21,,,2
373,Aviso de cierre definitivo,confirma si estás de acuerdo con el enfoque que propuse,07/04/2024,205,245,,,2
374,Confirmación de reserva,¿Has revisado el informe de progreso que te envié por correo?,08/04/2024,121,175,,,2
375,Solicitud de información sobre producto,confirma si estás de acuerdo con la fecha y hora de la reunión,09/04/2024,64,158,,,2
376,Aviso de cambio de número de contacto,¿Podemos discutir los cambios que sugieres en el documento?,10/04/2024,249,175,,,2
377,Solicitud de información,¿Has recibido mis correos sobre el proyecto?,11/04/2024,158,85,,,2
378,Feliz cumpleaños,¿Qué te parece si nos reunimos para discutir las estrategias de fidelización?,12/04/2024,54,142,,,2
379,Recordatorio de reunión de equipo,¿Has enviado la información solicitada para la auditoría que estamos preparando?,13/04/2024,37,146,,,2
380,Consulta sobre proyecto,¿Podemos programar una reunión para revisar el calendario de actividades?,14/04/2024,228,14,,,2
381,Aviso de interrupción de servicio,¿Podemos coordinar una llamada para revisar los detalles logísticos del evento virtual?,15/04/2024,298,219,,,2
382,Solicitud de renovación,¿Has completado la revisión de los documentos que te envié la semana pasada?,16/04/2024,288,175,,,2
383,Confirmación de reserva de hotel,¿Qué opinas de la idea que propuse en la última reunión?,17/04/2024,50,123,,,2
384,Confirmación de reserva de hotel,¿Qué te parece si nos reunimos para discutir las estrategias de comunicación?,18/04/2024,213,204,,,2
385,Solicitud de devolución,confirma si puedes asistir a la reunión de mañana,19/04/2024,85,200,,,2
386,Recordatorio de tarea pendiente,¿Podrías enviarme tus comentarios sobre el informe de sostenibilidad que elaboramos?,20/04/2024,36,165,,,2
387,Invitación a taller de capacitación,Por favor,21/04/2024,41,289,,,2
388,Confirmación de pedido,¿Has recibido la información que te envié por correo?,22/04/2024,198,235,,,2
389,Confirmación de envío,¿Podemos programar una reunión para analizar los resultados de la encuesta?,23/04/2024,18,300,,,2
390,Aviso de cierre por remodelación,¿Qué te parece si nos reunimos para discutir las estrategias de comunicación?,24/04/2024,254,215,,,2
391,Felicitaciones por el premio,Por favor,25/04/2024,84,237,,,2
392,Confirmación de reserva de vuelo,¿Podemos coordinar una llamada para revisar los detalles logísticos del evento virtual?,26/04/2024,185,87,,,2
393,Felicitaciones por el logro,¿Podemos coordinar una llamada para discutir el presupuesto?,27/04/2024,58,272,,,2
394,Agradecimiento por la ayuda,¿Podemos coordinar una llamada para analizar los datos del informe?,28/04/2024,106,286,,,2
395,Agradecimiento por la ayuda,¿Podemos programar una reunión para analizar los resultados de la encuesta?,29/04/2024,39,11,,,2
396,Urgente: por favor leer,¿Podemos coordinar una llamada para revisar los detalles logísticos del evento virtual?,30/04/2024,201,204,,,2
397,Solicitud de extensión de plazo,Necesito tu opinión sobre la propuesta que estoy preparando,01/05/2024,66,73,,,2
398,Reclamo por servicio,¿Has recibido la información que te envié por correo?,02/05/2024,103,161,,,2
399,Hola amigo,¿Has recibido la información que te envié por correo?,03/05/2024,249,282,,,2
400,Confirmación de inscripción a curso,confirma si estás de acuerdo con la fecha y hora de la reunión,04/05/2024,132,56,,,2
401,Solicitud de patrocinio para evento,¿Qué opinas de la estrategia que estamos siguiendo?,05/05/2024,249,35,,,2
402,Felicitaciones por el logro,¿Podemos reunirnos para hablar de los objetivos del trimestre?,06/05/2024,234,197,,,2
403,Felicitaciones por el ascenso,¿Podemos programar una reunión para revisar el plan de formación del equipo?,07/05/2024,218,67,,,2
404,Confirmación de pago,confirma si estás de acuerdo con la fecha y hora de la reunión,08/05/2024,12,75,,,2
405,Recordatorio de tarea pendiente,¿Has recibido la confirmación de la reserva para la conferencia que vamos a asistir?,09/05/2024,209,215,,,2
406,Invitación a seminario,confirma si estás de acuerdo con la fecha y hora de la reunión,10/05/2024,248,218,,,2
407,Invitación a jornada de voluntariado,¿Podemos reunirnos para hablar de los objetivos del trimestre?,11/05/2024,296,260,,,2
408,Recordatorio de fecha de entrega,¿Has recibido la información que te envié por correo?,12/05/2024,121,53,,,2
409,Solicitud de cambio de horario,confirma si puedes asistir a la reunión de presentación de resultados,13/05/2024,289,189,,,2
410,Invitación a desayuno de trabajo,¿Has recibido la confirmación de la reserva para la conferencia que vamos a asistir?,14/05/2024,150,78,,,2
411,Solicitud de cambio de método de pago,¿Podemos programar una llamada para aclarar dudas sobre el proyecto?,15/05/2024,272,89,,,2
412,Feliz Navidad,Por favor,16/05/2024,146,151,,,2
413,Recordatorio de fecha de entrega,¿Qué te parece si nos reunimos para hablar de la estrategia?,17/05/2024,61,200,,,2
414,Invitación a taller de capacitación,confirma si estás de acuerdo con el enfoque que propuse,18/05/2024,59,75,,,2
415,Recordatorio de cita con cliente,¿Qué te parece si nos reunimos para hablar de la estrategia?,19/05/2024,131,180,,,2
416,Confirmación de asistencia a reunión,Por favor,20/05/2024,182,49,,,2
417,Solicitud de cambio de método de pago,Por favor,21/05/2024,193,125,,,2
418,Recordatorio de reunión de equipo,¿Has recibido la confirmación de la reserva para la conferencia que vamos a asistir?,22/05/2024,39,157,,,2
419,Feliz cumpleaños,¿Has enviado la documentación necesaria para el proyecto que estamos gestionando?,23/05/2024,45,17,,,2
420,Recordatorio de fecha de inicio de proyecto,¿Qué opinas de la propuesta de expansión que te presenté la semana pasada?,24/05/2024,53,137,,,2
421,Solicitud de colaboración artística,¿Has completado la tarea que te asigné la semana pasada?,25/05/2024,231,286,,,2
422,Confirmación de asistencia a reunión,¿Qué opinas de la idea que propuse en la última reunión?,26/05/2024,131,11,,,2
423,Invitación a webinar,¿Qué te parece si nos reunimos para discutir los próximos pasos?,27/05/2024,40,234,,,2
424,Aviso de cambio de horario de atención,¿Has recibido la confirmación de la reunión que programamos para mañana?,28/05/2024,238,207,,,2
425,Solicitud de reunión de emergencia,confirma si estás de acuerdo con el enfoque que propuse,29/05/2024,190,293,,,2
426,Recordatorio de fecha de inicio de proyecto,Por favor,30/05/2024,53,160,,,2
427,Instrucciones para la entrega,¿Podemos coordinar una llamada para resolver las dudas pendientes?,31/05/2024,240,14,,,2
428,Confirmación de asistencia,¿Qué te parece si nos reunimos para discutir las estrategias de fidelización?,01/06/2024,61,33,,,2
429,Invitación a evento,Por favor,02/06/2024,96,146,,,2
430,Recordatorio de fecha de entrega,¿Podrías enviarme tus comentarios sobre el informe de sostenibilidad que elaboramos?,03/06/2024,59,52,,,2
431,Urgente: por favor leer,¿Qué opinas de la propuesta de colaboración que te presenté?,04/06/2024,269,134,,,2
432,Invitación a jornada de voluntariado,¿Qué opinas de la idea que propuse en la última reunión?,05/06/2024,295,12,,,2
433,Felicitaciones por el premio,confirma si estás de acuerdo con el plan de acción propuesto,06/06/2024,232,2,,,2
434,Felicitaciones por el éxito,¿Podemos programar una reunión para revisar el plan de formación del equipo?,07/06/2024,98,120,,,2
435,Solicitud de información,¿Podrías enviarme tus comentarios sobre el informe de sostenibilidad que elaboramos?,08/06/2024,161,151,,,2
436,Solicitud de cancelación de servicio,confirma si puedes asistir a la reunión de presentación de resultados,09/06/2024,245,127,,,2
437,Invitación a exposición,confirma si estás de acuerdo con la fecha y hora de la reunión,10/06/2024,217,251,,,2
438,Recordatorio de tarea pendiente,¿Podrías enviarme tus sugerencias para mejorar el proceso de trabajo?,11/06/2024,130,186,,,2
439,Aviso de cierre temporal,Por favor,12/06/2024,269,8,,,2
440,Solicitud de entrevista,¿Has recibido la confirmación de la reunión que programamos para mañana?,13/06/2024,5,48,,,2
441,Solicitud de renovación,¿Has revisado la presentación que preparé para la reunión de mañana?,14/06/2024,80,44,,,2
442,Felicitaciones por el éxito,¿Has enviado la información solicitada al cliente?,15/06/2024,154,235,,,2
443,Invitación a fiesta,¿Qué te parece si nos reunimos para discutir las estrategias de fidelización?,16/06/2024,149,6,,,2
444,Solicitud de patrocinio para evento,confirma si estás de acuerdo con la fecha y hora de la reunión,17/06/2024,134,15,,,2
445,Solicitud de cambio de método de pago,¿Qué te parece si nos reunimos para discutir los próximos pasos?,18/06/2024,185,14,,,2
446,Felicitaciones por el logro,confirma si puedes asistir a la reunión de presentación de resultados,19/06/2024,283,12,,,2
447,Solicitud de información sobre producto,Por favor,20/06/2024,135,8,,,2
448,Felicitaciones por el éxito,Por favor,21/06/2024,286,285,,,2
449,Felicitaciones por el aniversario,¿Qué te parece si nos reunimos para discutir los próximos pasos?,22/06/2024,30,100,,,2
450,Solicitud de colaboración,¿Qué opinas de la idea que propuse en la última reunión?,23/06/2024,215,176,,,2
451,Aviso de cambio de número de contacto,¿Has completado la revisión de los documentos que te envié la semana pasada?,24/06/2024,86,191,,,2
452,Aviso de cierre definitivo,confirma si puedes asistir a la reunión de presentación de resultados,25/06/2024,194,276,,,2
453,Felicitaciones por el nuevo puesto,¿Qué opinas de la propuesta de mejora que discutimos en la última reunión?,26/06/2024,41,278,,,2
454,Aviso de mantenimiento,Por favor,27/06/2024,154,63,,,2
455,Solicitud de colaboración,¿Has revisado la presentación que preparé para la reunión de mañana?,28/06/2024,147,269,,,2
456,Solicitud de colaboración,¿Podrías enviarme tus comentarios sobre el plan de marketing que elaboramos?,29/06/2024,191,106,,,2
457,Invitación a webinar,¿Podemos discutir los detalles del proyecto mañana?,30/06/2024,114,36,,,2
458,Actualización de datos,¿Qué opinas de la propuesta de colaboración que te presenté?,01/07/2024,173,293,,,2
459,Solicitud de cancelación de servicio,Por favor,02/07/2024,33,97,,,2
460,Felicitaciones por el reconocimiento,¿Podemos coordinar una llamada para discutir los cambios en el plan de negocio?,03/07/2024,34,123,,,2
461,Feliz Navidad,¿Podrías enviarme tus sugerencias para mejorar el proceso de trabajo?,04/07/2024,250,162,,,2
462,Solicitud de entrevista,¿Podrías enviarme tus comentarios sobre el informe de sostenibilidad que elaboramos?,05/07/2024,45,115,,,2
463,Invitación a cena,¿Podemos programar una reunión para revisar el plan de formación del equipo?,06/07/2024,289,134,,,2
464,Confirmación de asistencia a evento,¿Has recibido la confirmación de la reserva para la conferencia que vamos a asistir?,07/07/2024,80,134,,,2
465,Invitación a presentación de producto,¿Podrías enviarme tus comentarios sobre el informe de sostenibilidad que elaboramos?,08/07/2024,279,264,,,2
466,Confirmación de reserva de vuelo,¿Has revisado el informe de progreso que te envié por correo?,09/07/2024,90,5,,,2
467,Solicitud de reclamo,¿Qué opinas de la estrategia que estamos siguiendo?,10/07/2024,242,109,,,2
468,Propuesta de colaboración,confirma si puedes asistir a la reunión de mañana,11/07/2024,111,258,,,2
469,Solicitud de colaboración artística,¿Podemos programar una llamada para aclarar dudas sobre el proyecto?,12/07/2024,49,49,,,2
470,Invitación a evento,¿Podrías enviarme tus sugerencias para optimizar el proceso de producción?,13/07/2024,239,133,,,2
471,Solicitud de devolución,¿Podemos coordinar una llamada para discutir los cambios en el plan de negocio?,14/07/2024,124,183,,,2
472,Solicitud de cambio de contraseña,confirma si puedes asistir a la reunión de presentación de resultados,15/07/2024,36,206,,,2
473,Invitación a seminario,¿Qué opinas de la estrategia de marketing que estamos implementando?,16/07/2024,21,210,,,2
474,Invitación a seminario,¿Podrías revisar la presentación antes de la reunión?,17/07/2024,270,62,,,2
475,Recordatorio de cita con cliente,¿Podemos coordinar una llamada para analizar los datos del informe?,18/07/2024,49,55,,,2
476,Feliz Navidad,¿Podemos discutir los cambios que sugieres en el documento?,19/07/2024,85,154,,,2
477,Invitación a desayuno de trabajo,¿Qué te parece si nos reunimos para planificar la estrategia de lanzamiento?,20/07/2024,94,173,,,2
478,Instrucciones para la entrega,¿Qué te parece si nos reunimos para discutir los resultados del estudio?,21/07/2024,261,268,,,2
479,Solicitud de cambio de horario,¿Podemos discutir los detalles del proyecto mañana?,22/07/2024,175,173,,,2
480,Aviso importante,¿Podrías revisar la presentación antes de la reunión?,23/07/2024,187,157,,,2
481,Feliz Año Nuevo,¿Podemos coordinar una llamada para revisar los detalles logísticos del evento virtual?,24/07/2024,25,144,,,2
482,Invitación a taller de capacitación,¿Puedes enviarme los datos actualizados para el informe mensual?,25/07/2024,93,110,,,2
483,Recordatorio de pago pendiente,¿Podrías enviarme los detalles del evento que estamos organizando?,26/07/2024,202,63,,,2
484,Confirmación de asistencia a evento,¿Qué te parece si nos reunimos para planificar la estrategia de lanzamiento?,27/07/2024,116,101,,,2
485,Aviso de cambio de política,¿Podemos programar una reunión para revisar el plan de formación del equipo?,28/07/2024,13,175,,,2
486,Aviso de cambio de horario de atención,¿Podemos programar una llamada para aclarar dudas sobre el proyecto?,29/07/2024,24,230,,,2
487,Aviso de cierre por remodelación,confirma si puedes asistir a la reunión de mañana,30/07/2024,15,235,,,2
488,Confirmación de asistencia a reunión,¿Podemos programar una reunión para revisar el calendario de actividades?,31/07/2024,70,285,,,2
489,Felicitaciones por el crecimiento,¿Has completado la revisión de los documentos que te envié la semana pasada?,01/08/2024,291,39,,,2
490,Confirmación de asistencia,¿Qué opinas de la propuesta de colaboración que te presenté?,02/08/2024,115,79,,,2
491,Invitación a taller de capacitación,¿Has completado la revisión de los documentos que te envié la semana pasada?,03/08/2024,48,29,,,2
492,Invitación a evento,Por favor,04/08/2024,91,88,,,2
493,Felicitaciones por el logro académico,¿Qué te parece si revisamos juntos el plan de acción?,05/08/2024,88,15,,,2
494,Solicitud de información,¿Has recibido la información que te envié por correo?,06/08/2024,145,29,,,2
495,Urgente: por favor leer,confirma si puedes asistir a la reunión de mañana,07/08/2024,66,183,,,2
496,Recordatorio de fecha límite,¿Podemos discutir los detalles del proyecto mañana?,08/08/2024,141,18,,,2
497,Confirmación de reserva de hotel,¿Podemos discutir los detalles del proyecto mañana?,09/08/2024,77,200,,,2
498,Solicitud de presupuesto,¿Qué te parece si nos reunimos para discutir los resultados del estudio?,10/08/2024,198,133,,,2
499,Urgente: por favor leer,¿Podrías enviarme los detalles del evento que estamos organizando?,11/08/2024,286,165,,,2
500,Feliz Navidad,¿Podrías enviarme tus comentarios sobre el borrador del informe?,12/08/2024,34,282,,,2
